Engelse naam;Wetenschappelijke naam
Accent Gem;Ctenoplusia accentifera
African Carnation Tortrix;Epichoristodes acerbella
Albin's Hampstead Eye;Junonia villida
Alder Kitten;Furcula bicuspis
Alder Moth;Acronicta alni
Alfalfa Moth;Cydia medicaginis
Angle Shades;Phlogophora meticulosa
Angle-barred Pug;Eupithecia innotata
Angled Gem;Anomis sabulifera
Angle-striped Sallow;Enargia paleacea
Angoumois Grain Moth;Sitotroga cerealella
Antirrhinum Brocade;Calophasia platyptera
Antler Moth;Cerapteryx graminis
Apple & Plum Case-bearer;Coleophora spinella
Apple Ermine;Yponomeuta malinellus
Apple Fruit Moth;Argyresthia conjugella
Apple Leaf Miner;Lyonetia clerkella
Apple Leaf Skeletonizer;Choreutis pariana
Apple Pith Moth;Blastodacna atra
Apple Pygmy;Stigmella malella
Archer's Dart;Agrotis vestigialis
Argent & Sable;Rheumaptera hastata
Arran Carpet;Dysstroma truncata concinnata
Ash Bud Moth;Prays fraxinella
Ash Pug;Eupithecia innotata fraxinata
Ash Shoulder-knot;Scotochrosta pulla
Ashworth's Rustic;Xestia ashworthii
Asian Cotton Leafworm;Spodoptera litura
August Thorn;Ennomos quercinaria
Autumn Green Carpet;Chloroclysta miata
Autumn Webworm;Hyphantria cunea
Autumnal Moth;Epirrita autumnata
Autumnal Rustic;Eugnorisma glareosa
Autumnal Snout;Schrankia intermedialis
Azalea Leaf Miner;Caloptilia azaleella
Balsam Carpet;Xanthorhoe biriviata
Banded Pine Carpet;Pungeleria capreolaria
Barberry Carpet;Pareulype berberata
Barred Carpet;Martania taeniata
Barred Chestnut;Diarsia dahlii
Barred Fruit-tree Tortrix;Pandemis cerasana
Barred Hook-tip;Watsonalla cultraria
Barred Red;Hylaea fasciaria
Barred Rivulet;Perizoma bifaciata
Barred Sallow;Tiliacea aurago
Barred Straw;Gandaritis pyraliata
Barred Tooth-striped;Trichopteryx polycommata
Barred Umber;Plagodis pulveraria
Barred Yellow;Cidaria fulvata
Barrett's Marbled Coronet;Conisania andalusica
Basil Dwarf;Stephensia brunnichella
Beaded Chestnut;Agrochola lychnidis
Beautiful Arches;Mniotype satura
Beautiful Brocade;Lacanobia contigua
Beautiful Carpet;Mesoleuca albicillata
Beautiful China-mark;Nymphula nitidulata
Beautiful Golden Y;Autographa pulchrina
Beautiful Gothic;Leucochlaena oditis
Beautiful Hook-tip;Laspeyria flexula
Beautiful Marbled;Eublemma purpurina
Beautiful Plume;Amblyptilia acanthadactyla
Beautiful Snout;Hypena crassalis
Beautiful Utetheisa;Utetheisa bella
Beautiful Yellow Underwing;Anarta myrtilli
Bedrule Brocade;Mniotype solieri
Bedstraw Hawk-moth;Hyles gallii
Bee Moth;Aphomia sociella
Beech-green Carpet;Colostygia olivata
Beet Moth;Scrobipalpa ocellatella
Belted Beauty;Lycia zonaria
Bilberry Pug;Pasiphila debiliata
Bilberry Tortrix;Aphelia viburnana
Birch Mocha;Cyclophora albipunctata
Bird-cherry Ermine;Yponomeuta evonymella
Bird's Wing;Dypterygia scabriuscula
Black Arches;Lymantria monacha
Black Collar;Dichagyris flammatra
Black Mountain Moth;Glacies coracina
Black Rustic;Aporophyla nigra
Black Snout;Plathypena scabra
Black V Moth;Arctornis l-nigrum
Black-banded;Polymixis xanthomista
Black-banded Polymixis;xanthomista 
Blackberry Looper;Chlorochlamys chloroleucaria
Black-spotted Chestnut;Conistra rubiginosa
Black-veined Moth;Siona lineata
Blair's Mocha;Cyclophora puppillaria
Blair's Shoulder-knot;Lithophane leautieri
Blair's Wainscot;Sedina buettneri
Bleached Pug;Eupithecia expallidata
Blomer's Rivulet;Venusia blomeri
Blood-vein;Timandra comae
Blossom Underwing;Orthosia miniosa
Blotched Emerald;Comibaena bajularia
Bloxworth Snout;Hypena obsitalis
Blue-bordered Carpet;Plemyria rubiginata
Bordered Beauty;Epione repandaria
Bordered Chequer;Nematocampa resistaria
Bordered Gothic;Sideridis reticulata
Bordered Grey;Selidosema brunnearia
Bordered Pearl;Paratalanta pandalis
Bordered Pug;Eupithecia succenturiata
Bordered Sallow;Pyrrhia umbra
Bordered Straw;Heliothis peltigera
Bordered White;Bupalus piniaria
Box-tree Moth;Cydalima perspectalis
Bramble Shoot Moth;Notocelia uddmanniana
Breckland Piercer;Cydia millenniana
Breckland Plume;Crombrugghia distans
Bright Wave;Idaea ochrata
Bright-line Brown-eye;Lacanobia oleracea
Brighton Wainscot;Oria musculosa
Brimstone Moth;Opisthograptis luteolata
Brindled Beauty;Lycia hirtaria
Brindled Green;Dryobotodes eremita
Brindled Ochre;Dasypolia templi
Brindled Plume;Amblyptilia punctidactyla
Brindled Pug;Eupithecia abbreviata
Brindled White-spot;Parectropis similaria
Brixton Beauty;Acontia nitidula
Broad-barred White;Hecatera bicolorata
Broad-bordered Bee Hawk-moth;Hemaris fuciformis
Broad-bordered White Underwing;Anarta melanopa
Broad-bordered Yellow Underwing;Noctua fimbriata
Broken-barred Carpet;Electrophaes corylata
Broom Moth;Ceramica pisi
Broom-tip;Chesias rufata
Brown China-mark;Elophila nymphaeata
Brown House-moth;Hofmannophila pseudospretella
Brown Oak Tortrix;Archips crataegana
Brown Plume;Stenoptilia pterodactyla
Brown Rustic;Rusina ferruginea
Brown Scallop;Philereme vetulata
Brown Silver-line;Petrophora chlorosata
Brown-dotted Clothes Moth;Niditinea fuscella
Brown-line Bright-eye;Mythimna conigera
Brown-spot Pinion;Agrochola litura
Brown-tail;Euproctis chrysorrhoea
Brown-veined Wainscot;Archanara dissoluta
Brussels Lace;Cleorodes lichenaria
Bud Moth;Spilonota ocellana
Buff Arches;Habrosyne pyritoides
Buff Ermine;Spilosoma lutea
Buff Footman;Eilema depressa
Buff-tip;Phalera bucephala
Bulrush Wainscot;Nonagria typhae
Burnet Companion;Euclidia glyphica
Burnished Brass;Diachrysia chrysitis
Burren Green;Calamia tridens
Buttoned Snout;Hypena rostralis
Cabbage Moth;Mamestra brassicae
Cacao Moth;Ephestia elutella
Camellia Tortrix;Homona coffearia
Campanula Pug;Eupithecia denotata
Canary-shouldered Thorn;Ennomos alniaria
Carnation Tortrix;Cacoecimorpha pronubana
Case-bearing Clothes Moth;Tinea pellionella
Centre-barred Sallow;Atethmia centrago
Chalk Carpet;Scotopteryx bipunctaria
Chamomile Shark;Cucullia chamomillae
Channel Islands Pug;Eupithecia ultimaria
Chequered Fruit-tree Tortrix;Pandemis corylana
Cherry Fruit Moth;Argyresthia pruniella
Cherry-bark Moth;Enarmonia formosana
Chestnut-coloured Carpet;Thera cognata
Chimney Sweeper;Odezia atrata
Chinese Character;Cilix glaucata
Chocolate-tip;Clostera curtula
Cistus Forester;Adscita geryon
Citron Plume;Hellinsia carphodactyla
Clancy's Rustic;Caradrina kadenii
Clay Fan-foot;Paracolax tristalis
Clay Triple-lines;Cyclophora linearia
Clifden Nonpareil;Catocala fraxini
Cloaked Carpet;Euphyia biangulata
Cloaked Minor;Mesoligia furuncula
Cloaked Pug;Eupithecia abietaria
Clouded August Thorn;Ennomos quercaria
Clouded Border;Lomaspilis marginata
Clouded Brindle;Apamea epomidion
Clouded Buff;Diacrisia sannio
Clouded Drab;Orthosia incerta
Clouded Magpie;Abraxas sylvata
Clouded Silver;Lomographa temerata
Clouded-bordered Brindle;Apamea crenata
Clover Case-bearer;Coleophora alcyonipennella
Coast Conch;Gynnidomorpha permixtana
Coast Dart;Euxoa cursoria
Cocksfoot Moth;Glyphipterix simpliciella
Codling Moth;Cydia pomonella
Common Carpet;Epirrhoe alternata
Common Clothes Moth;Tineola bisselliella
Common Emerald;Hemithea aestivaria
Common Fan-foot;Pechipogo strigilata
Common Footman;Eilema lurideola
Common Forest Looper;Pseudocoremia suavis
Common Heath;Ematurga atomaria
Common Lutestring;Ochropacha duplaris
Common Marbled Carpet;Dysstroma truncata
Common Plume;Emmelina monodactyla
Common Pug;Eupithecia vulgata
Common Quaker;Orthosia cerasi
Common Rustic;Mesapamea secalis
Common Swift;Korscheltellus lupulina
Common Wainscot;Mythimna pallens
Common Wave;Cabera exanthemata
Common White Wave;Cabera pusaria
Convolvulus Hawk-moth;Agrius convolvuli
Copper Underwing;Amphipyra pyramidea
Cork Moth;Nemapogon cloacella
Corn Moth;Nemapogon granella
Cotoneaster Webworm;Athrips rancidella
Cousin German;Protolampra sobrina
Coxcomb Prominent;Ptilodon capucina
Cream Wave;Scopula floslactata
Cream-bordered Green Pea;Earias clorana
Cream-spot Tiger;Arctia villica
Crescent Dart;Agrotis trux
Crescent Plume;Marasmarcha lunaedactyla
Crescent Striped;Apamea oblonga
Crimson Speckled;Utetheisa pulchella
Crinan Ear;Amphipoea crinanensis
Cryptic Fern;Horisme radicaria
Cumberland Gem;Eucarta amethystina
Cumbrian Umber;Horisme aquata
Currant Clearwing;Synanthedon tipuliformis
Currant Pug;Eupithecia assimilata
Currant Shoot Borer;Lampronia capitella
Cyclamen Tortrix;Clepsis spectrana
Cypress Carpet;Thera cupressata
Cypress Pug;Eupithecia phoeniceata
Dark Arches;Apamea monoglypha
Dark Ash Bud Moth;Prays ruficeps
Dark Bordered Beauty;Epione vespertaria
Dark Brocade;Mniotype adusta
Dark Chestnut;Conistra ligula
Dark Crimson Underwing;Catocala sponsa
Dark Dagger;Acronicta tridens
Dark Fruit-tree Tortrix;Pandemis heparana
Dark Marbled Carpet;Dysstroma citrata
Dark Mottled Willow;Spodoptera cilium
Dark Spectacle;Abrostola triplasia
Dark Spinach;Pelurga comitata
Dark Spruce Bell;Epinotia subsequana
Dark Sword-grass;Agrotis ipsilon
Dark Tussock;Dicallomera fascelina
Dark Umber;Philereme transversata
Dark-barred Twin-spot Carpet;Xanthorhoe ferrugata
Death's-head Hawk-moth;Acherontia atropos
December Moth;Poecilocampa populi
Deep-brown Dart;Aporophyla lutulenta
Dentated Pug;Anticollix sparsata
Devon Carpet;Lampropteryx otregiata
Devonshire Wainscot;Leucania putrescens
Dew Moth;Setina irrorella
Dewick's Plusia;Macdunnoughia confusa
Diamond-back Moth;Plutella xylostella
Dingy Angle;Macaria bicolorata
Dingy Footman;Eilema griseola
Dingy Mocha;Cyclophora pendularia
Dingy Roseate Conch;Cochylidia subroseana
Dingy Shears;Apterogenum ypsillon
Dingy Shell;Euchoeca nebulata
Dingy White Plume;Merrifieldia baliodactylus
Dog's Tooth;Lacanobia suasa
Dorset Cream Wave;Stegania trimaculata
Dot Moth;Melanchra persicariae
Dotted Border;Agriopis marginaria
Dotted Border Wave;Idaea sylvestraria
Dotted Carpet;Alcis jubata
Dotted Chestnut;Conistra rubiginea
Dotted Clay;Xestia baja
Dotted Fan-foot;Macrochilo cribrumalis
Dotted Footman;Pelosia muscerda
Dotted Rustic;Rhyacia simulans
Double Dart;Graphiphora augur
Double Kidney;Ipimorpha retusa
Double Line;Mythimna turca
Double Lobed;Lateroligia ophiogramma
Double Square-spot;Xestia triangulum
Doubleday's Pug;Eupithecia cauchiata
Double-spot Brocade;Meganephria bimaculosa
Double-spotted Spangle;Megalographa bimaculata
Double-striped Pug;Gymnoscelis rufifasciata
Dowdy Plume;Stenoptilia zophodactylus
Downland Plume;Oxyptilus pilosellae
Drab Looper;Minoa murinata
Dried Currant Moth;Cadra cautella
Dried Fruit Moth;Cadra calidella
Dumeril's Rustic;Luperina dumerilii
Dusky Brocade;Apamea remissa
Dusky Carpet;Tephronia sepiaria
Dusky Clearwing;Paranthrene tabaniformis
Dusky Fan-foot;Zanclognatha zelleralis
Dusky Hook-tip;Drepana curvatula
Dusky Marbled Brown;Gluphisia crenata
Dusky Peacock;Macaria signaria
Dusky Plume;Oidaematophorus lithodactyla
Dusky Sallow;Eremobia ochroleuca
Dusky Scalloped Oak;Crocallis dardoinaria
Dusky Thorn;Ennomos fuscantaria
Dusky-lemon Sallow;Cirrhia gilvago
Dwarf Cream Wave;Idaea fuscovenosa
Dwarf Pug;Eupithecia tantillaria
Ear Moth;Amphipoea oculea
Early Grey;Xylocampa areola
Early Moth;Theria primaria
Early Thorn;Selenia dentaria
Early Tooth-striped;Trichopteryx carpinata
Eastern Bordered Straw;Heliothis nubigera
Eastern Nycteoline;Nycteola asiatica
Egyptian Bollworm;Earias insulana
Elephant Hawk-moth;Deilephila elpenor
Elgin Shoot Moth;Rhyacionia logaea
Elm Spanworm;Ennomos subsignaria
Emperor Moth;Saturnia pavonia
Epping Pug;Eupithecia massiliata
Essex Emerald;Thetidia smaragdaria
Essex Y;Cornutiplusia circumflexa
European Corn-borer;Ostrinia nubilalis
European Vine Moth;Lobesia botrana
Eversmann's Rustic;Actebia fennica
Eyed Hawk-moth;Smerinthus ocellata
False Codling Moth;Thaumatotibia leucotreta
False Mocha;Cyclophora porata
False Water Betony;Cucullia prenanthis
Feathered Beauty;Peribatodes secundaria
Feathered Brindle;Aporophyla australis
Feathered Ear;Pachetra sagittigera
Feathered Footman;Coscinia striata
Feathered Gothic;Tholera decimalis
Feathered Ranunculus;Polymixis lichenea
Feathered Thorn;Colotois pennaria
Fen Square-spot;Diarsia florida
Fen Wainscot;Arenostola phragmitidis
Fenn's Wainscot;Protarchanara brevilinea
Fiery Clearwing;Pyropteron chrysidiformis
Figure of Eight;Diloba caeruleocephala
Figure of Eighty;Tethea ocularis
Firethorn Leaf Miner;Phyllonorycter leucographella
Fisher's Estuarine Moth;Gortyna borelii
Five-Spot Burnet;Zygaena trifolii
Five-spotted Hawk-moth;Manduca quinquemaculatus
Flame Brocade;Trigonophora flammea
Flame Carpet;Xanthorhoe designata
Flame Shoulder;Ochropleura plecta
Flame Wainscot;Senta flammea
Flax Tortrix;Cnephasia asseclana
Flounced Chestnut;Agrochola helvola
Flounced Rustic;Luperina testacea
Fortified Carpet;Scotopteryx moeniata
Four-dotted Footman;Cybosia mesomella
Four-spotted Footman;Lithosia quadra
Fox Moth;Macrothylacia rubi
Foxglove Pug;Eupithecia pulchellata
French Red Underwing;Catocala elocata
Freyer's Pug;Eupithecia intricata
Frosted Green;Polyploca ridens
Frosted Orange;Gortyna flavago
Frosted Yellow;Isturgia limbaria
Fruitlet Mining Tortrix;Pammene rhediella
Fulvous Bell;Eucosma fulvana
Galium Carpet;Epirrhoe galiata
Garden Carpet;Xanthorhoe fluctuata
Garden Dart;Euxoa nigricans
Garden Pebble;Evergestis forficalis
Garden Rose Tortrix;Acleris variegana
Garden Tiger;Arctia caja
Gentian Plume;Stenoptilia pneumonanthes
Ghost Moth;Hepialus humuli
Glaucous Shears;Papestra biren
Goat Moth;Cossus cossus
Gold Spangle;Autographa bractea
Gold Spot;Plusia festucae
Gold Swift;Phymatopus hecta
Gold Triangle;Hypsopygia costalis
Golden Plusia;Polychrysia moneta
Golden Twin-spot;Chrysodeixis chalcites
Golden-rod Brindle;Xylena solidaginis
Goldenrod Plume;Platyptilia calodactyla
Golden-rod Pug;Eupithecia virgaureata
Goosefoot Pug;Eupithecia sinuosaria
Gothic Dart;Feltia subgothica
Grass Eggar;Lasiocampa trifolii
Grass Emerald;Pseudoterpna pruinata
Grass Rivulet;Perizoma albulata
Grass Wave;Perconia strigillaria
Grass Webworm;Herpetogramma licarsisalis
Great Brocade;Eurois occulta
Great Dart;Agrotis bigramma
Great Kidney;Synedoida grandirena
Great Oak Beauty;Hypomecis roboraria
Great Peacock;Saturnia pyri
Great Prominent;Peridea anceps
Green Arches;Anaplectoides prasina
Green Carpet;Colostygia pectinataria
Green Oak Tortrix;Tortrix viridana
Green Pug;Pasiphila rectangulata
Green Silver-lines;Pseudoips prasinana
Green Silver-spangled Shark;Cucullia argentea
Green-brindled Crescent;Allophyes oxyacanthae
Green-brindled Dot;Valeria oleagina
Gregson's Dart;Agrotis spinifera
Grey Arches;Polia nebulosa
Grey Birch;Aethalura punctulata
Grey Carpet;Lithostege griseata
Grey Chi;Antitype chi
Grey Dagger;Acronicta psi
Grey Mountain Carpet;Entephria caesiata
Grey Pine Carpet;Thera obeliscata
Grey Pug;Eupithecia subfuscata
Grey Scalloped Bar;Dyscia fagaria
Grey Shoulder-knot;Lithophane ornitopus
Grey Square;Pardasena virgulana
Grey Tortrix;Cnephasia stephensiana
Ground Lackey;Malacosoma castrensis
Grouville Dart;Agrotis catalaunensis
Guernsey Underwing;Polyphaenis sericata
Gypsy Moth;Lymantria dispar
Haworth's Minor;Celaena haworthii
Haworth's Pug;Eupithecia haworthiata
Hawthorn Moth;Scythropia crataegella
Heart & Club;Agrotis clavis
Heart & Dart;Agrotis exclamationis
Heart Moth;Dicycla oo
Heath Rivulet;Perizoma minorata
Heath Rustic;Xestia agathina
Hebrew Character;Orthosia gothica
Hedge Rustic;Tholera cespitis
Hemp-agrimony Plume;Adaina microdactyla
Hoary Footman;Eilema caniola
Hoary Plume;Platyptilia isodactylus
Holly Tortrix;Rhopobota naevana
Hollyhock Seed Moth;Pexicopia malvella
Honeysuckle Moth;Ypsolopha dentella
Horehound Plume;Wheeleria spilodactylus
Hornet Moth;Sesia apiformis
Horse Chestnut;Pachycnemia hippocastanaria
Horse Chestnut Leaf-miner;Cameraria ohridella
Hummingbird Hawk-moth;Macroglossum stellatarum
Indian Meal Moth;Plodia interpunctella
Ingrailed Clay;Diarsia mendica
Irish Annulet;Gnophos dumetata hibernica
Irish Plume;Platyptilia tesseradactyla
Iron Prominent;Notodonta dromedarius
Isabelline Tiger;Pyrrharctia isabella
Isle of Wight Wave;Idaea humiliata
Jersey Black Arches;Nola chlamitulalis
Jersey Emerald;Pseudoterpna coronillaria
Jersey Mocha;Cyclophora ruficiliaria
Jersey Tiger;Euplagia quadripunctaria
Jubilee Fan-foot;Zanclognatha lunalis
July Belle;Scotopteryx luridata
July Highflyer;Hydriomena furcata
Jumping Bean Moth;Cydia deshaisiana
Juniper Carpet;Thera juniperata
Juniper Pug;Eupithecia pusillata
Juniper Webber;Dichomeris marginella
Kent Black Arches;Meganola albula
Kentish Glory;Endromis versicolora
Kew Arches;Brithys crini
Kidney-spotted Minor;Lacinipolia renigera
Knot Grass;Acronicta rumicis
Laburnum Leaf Miner;Leucoptera laburnella
Lace Border;Scopula ornata
L-album Wainscot;Mythimna l-album
Langmaid's Yellow Underwing;Noctua janthina
Larch Case-bearer;Coleophora laricella
Larch Pug;Eupithecia lariciata
Larch Tortrix;Zeiraphera griseana
Large Clover Case-bearer;Coleophora trifolii
Large Dagger;Acronicta cuspis
Large Dark Prominent;Notodonta torva
Large Ear;Amphipoea lucens
Large Emerald;Geometra papilionaria
Large Fruit-tree Tortrix;Archips podana
Large Lace Border;Scopula limboundata
Large Nutmeg;Apamea anceps
Large Pale Clothes Moth;Tinea pallescentella
Large Ranunculus;Polymixis flavicincta
Large Red-belted Clearwing;Synanthedon culiciformis
Large Tabby;Aglossa pinguinalis
Large Thorn;Ennomos autumnaria
Large Twin-spot Carpet;Xanthorhoe quadrifasiata
Large Wainscot;Rhizedra lutosa
Large Yellow Underwing;Noctua pronuba
Latreille's Latin;Callopistria latreillei
Latticed Heath;Chiasmia clathrata
Lead Belle;Scotopteryx mucronata
Lead-coloured Drab;Orthosia populeti
Lead-coloured Pug;Eupithecia plumbeolata
Least Black Arches;Nola confusalis
Least Carpet;Idaea rusticata
Least Minor;Photedes captiuncula
Least Yellow Underwing;Noctua interjecta
Leek Moth;Acrolepiopsis assectella
Lempke's Gold Spot;Plusia putnami
Leopard Moth;Zeuzera pyrina
Lesser Belle;Colobochyla salicalis
Lesser Broad-bordered Yellow Underwing;Noctua janthe
Lesser Common Rustic;Mesapamea didyma
Lesser Cream Wave;Scopula immutata
Lesser Lichen Case-bearer;Dahlica inconspicuella
Lesser Swallow Prominent;Pheosia gnoma
Lesser Treble-bar;Aplocera efformata
Lesser Wax Moth;Achroia grisella
Lesser Yellow Underwing;Noctua comes
Lesser-spotted Pinion;Cosmia affinis
Lettuce Shark;Cucullia lactucae
Levant Blackneck;Tathorhynchus exsiccata
Lewes Wave;Scopula immorata
Lichen Case-bearer;Dahlica lichenella
Light Arches;Apamea lithoxylaea
Light Brocade;Lacanobia w-latinum
Light Brown Apple Moth;Epiphyas postvittana
Light Crimson Underwing;Catocala promissa
Light Emerald;Campaea margaritaria
Light Feathered Rustic;Agrotis cinerea
Light Grey Tortrix;Cnephasia incertana
Light Knot Grass;Acronicta menyanthidis
Light Magpie;Abraxas pantaria
Light Orange Underwing;Boudinotiana notha
Lilac Beauty;Apeira syringaria
Lime Hawk-moth;Mimas tiliae
Lime-speck Pug;Eupithecia centaureata
Little Emerald;Jodis lactearia
Little Thorn;Cepphis advenaria
Lobster Moth;Stauropus fagi
Local Long-tailed Satin;Trichiocercus sparshalli
Locust Bean Moth;Apomyelois ceratoniae
Lorimer's Rustic;Caradrina flavirena
Lunar Double-stripe;Minucia lunaris
Lunar Hornet Moth;Sesia bembeciformis
Lunar Marbled Brown;Drymonia ruficornis
Lunar Thorn;Selenia lunularia
Lunar Underwing;Omphaloscelis lunosa
Lunar Yellow Underwing;Noctua orbona
Lunar-spotted Pinion;Cosmia pyralina
Lydd Beauty;Peribatodes ilicaria
Lyme Grass;Longalatedes elymi
Maiden's Blush;Cyclophora punctaria
Manchester Treble-bar;Carsia sororiata
Maple Prominent;Ptilodon cucullina
Maple Pug;Eupithecia inturbata
Map-winged Swift;Korscheltellus fusconebulosa
Marbled Beauty;Bryophila domestica
Marbled Brown;Drymonia dodonaea
Marbled Clover;Heliothis viriplaca
Marbled Coronet;Hadena confusa
Marbled Green;Nyctobrya muralis
Marbled Grey;Bryophila raptricula
Marbled Minor;Oligia strigilis
Marbled Orchard Tortrix;Hedya nubiferana
Marbled Pug;Eupithecia irriguata
Marbled Tuffet;Charadra deridens
Marbled White Spot;Deltote pygarga
March Moth;Alsophila aescularia
Marsh Carpet;Gagitodes sagittata
Marsh Dagger;Acronicta strigosa
Marsh Mallow Moth;Hydraecia osseola
Marsh Moth;Athetis pallustris
Marsh Oblique-barred;Hypenodes humidalis
Marsh Pug;Eupithecia pygmaeata
Mathew's Wainscot;Mythimna favicolor
May Highflyer;Hydriomena impluviata
Meal Moth;Pyralis farinalis
Mediterranean Brocade;Spodoptera littoralis
Mediterranean Flour Moth;Ephestia kuehniella
Mediterranean Hawk-moth;Hyles nicaea
Mere Wainscot;Photedes fluxa
Merveille du Jour;Griposia aprilina
Middle Lace Border;Scopula decorata
Middle-barred Minor;Oligia fasciuncula
Minor Shoulder-knot;Brachylomia viminalis
Minsmere Crimson Underwing;Catocala conjuncta
Moorland Clouded Yellow;Colias palaeno
Morris's Wainscot;Photedes morrisii
Mother of Pearl;Pleuroptya ruralis
Mother Shipton;Euclidia mi
Mottled Beauty;Alcis repandata
Mottled Grey;Colostygia multistrigaria
Mottled Pug;Eupithecia exiguata
Mottled Rustic;Caradrina morpheus
Mottled Umber;Erannis defoliaria
Mountain Plume;Stenoptilia islandicus
Mouse Moth;Amphipyra tragopoginis
Mugwort Plume;Hellinsia lienigianus
Mullein Wave;Scopula marginepunctata
Mung Moth;Maruca vitrata
Muslin Footman;Nudaria mundana
Muslin Moth;Diaphora mendica
Narrow-bordered Bee Hawk-moth;Hemaris tityus
Narrow-bordered Five-spot Burnet;Zygaena lonicerae
Narrow-winged Pug;Eupithecia nanata
Neglected Rustic;Xestia castanea
Netted Carpet;Eustroma reticulata
Netted Mountain Moth;Macaria carbonaria
Netted Pug;Eupithecia venosata
New Forest Burnet;Zygaena viciae
Northern Dart;Xestia alpicola
Northern Deep-brown Dart;Aporophyla lueneburgensis
Northern Drab;Orthosia opima
Northern Footman;Eilema complana f. sericea
Northern Rustic;Standfussiana lucernea
Northern Spinach;Eulithis populata
Northern Winter Moth;Operophtera fagata
November Moth;Epirrita dilutata
Nut Bud Moth;Epinotia tenerana
Nut Leaf Blister Moth;Phyllonorycter coryli
Nut-tree Tussock;Colocasia coryli
Oak Beauty;Biston strataria
Oak Eggar;Lasiocampa quercus
Oak Hook-tip;Watsonalla binaria
Oak Lutestring;Cymatophorina diluta
Oak Nycteoline;Nycteola revayana
Oak Processionary;Thaumetopoea processionea
Oak Rustic;Dryobota labecula
Oak Yellow Underwing;Catocala nymphagoga
Oak-tree Pug;Eupithecia dodoneata
Oblique Carpet;Orthonama vittata
Oblique Striped;Phibalapteryx virgata
Obscure Wainscot;Leucania obsoleta
Ochraceous Wave;Idaea serpentata
Ochreous Pug;Eupithecia indigata
Old Lady;Mormo maura
Old World Webworm;Hellula undalis
Oleander Hawk-moth;Daphnis nerii
Olive Crescent;Trisateles emortualis
Olive-tree Beauty;Peribatodes umbraria
Orache Moth;Trachea atriplicis
Orange Footman;Eilema sororcula
Orange Moth;Angerona prunaria
Orange Sallow;Tiliacea citrago
Orange Swift;Triodia sylvina
Orange Underwing;Archiearis parthenias
Orange Upperwing;Jodia croceago
Orange-tailed Clearwing;Synanthedon andrenaeformis
Orchard Ermine;Yponomeuta padella
Oriental Fruit Moth;Grapholita molesta
Ox-tongue Conch;Neocochylis molliculana
Paignton Snout;Hypena obesalis
Painted Meal Moth;Pyralis pictalis
Pale Brindled Beauty;Phigalia pilosaria
Pale Devon Clothes Moth;Nemapogon inconditella
Pale Eggar;Trichiura crataegi
Pale Mottled Willow;Caradrina clavipalpis
Pale November Moth;Epirrita christyi
Pale Oak Beauty;Hypomecis punctinalis
Pale Pinion;Lithophane socia
Pale Prominent;Pterostoma palpina
Pale Shining Brown;Polia bombycina
Pale Shoulder;Acontia lucida
Pale Stigma;Mesogona acetosellae
Pale Tussock;Calliteara pudibunda
Pale-lemon Sallow;Cirrhia ocellaris
Pale-shouldered Brocade;Lacanobia thalassina
Pale-shouldered Cloud;Chloantha hyperici
Palm Moth;Paysandisia archon
Parallel Lines;Grammodes bifasciata
Parsnip Moth;Depressaria radiella
Patton's Tiger;Hyphoraia testudinaria
Pauper Pug;Eupithecia egenaria
Pea Moth;Cydia nigricana
Peach Blossom;Thyatira batis
Peach Twig Borer;Anarsia lineatella
Peacock Moth;Macaria notata
Pear Leaf Blister Moth;Leucoptera malifoliella
Pearly Underwing;Peridroma saucia
Pease Blossom;Periphanes delphinii
Pebble Hook-tip;Drepana falcataria
Pebble Prominent;Notodonta ziczac
Peppered Moth;Biston betularia
Petite Wave;Scopula minorata
Pigmy Footman;Eilema pygmaeola
Pimpinel Pug;Eupithecia pimpinellata
Pine Beauty;Panolis flammea
Pine Bud Moth;Pseudococcyx turionella
Pine Carpet;Pennithera firmata
Pine Cone Tortrix;Gravitarmata margarotana
Pine Hawk-moth;Sphinx pinastri
Pine Leaf-mining Moth;Clavigesta purdeyi
Pine Processionary;Thaumetopoea pityocampa
Pine Resin-gall Moth;Retinia resinella
Pine Shoot Moth;Rhyacionia buoliana
Pine-tree Lappet;Dendrolimus pini
Pinion-spotted Pug;Eupithecia insigniata
Pinion-streaked Snout;Schrankia costaestrigalis
Pink-barred Sallow;Xanthia togata
Pink-spotted Hawk-moth;Agrius cingulata
Pistol Case-bearer;Coleophora anatipennella
Plain Clay;Eugnorisma depuncta
Plain Golden Y;Autographa jota
Plain Plume;Hellinsia tephradactyla
Plain Pug;Eupithecia simpliciata
Plain Wave;Idaea straminata
Plum Fruit Moth;Grapholita funebrana
Plum Tortrix;Hedya pruniana
Plumbeous Spruce Tortrix;Cymolomia hartigiana
Plumed Fan-foot;Pechipogo plumigeralis
Plumed Prominent;Ptilophora plumigera
Poplar Grey;Subacronicta megacephala
Poplar Hawk-moth;Laothoe populi
Poplar Kitten;Furcula bifida
Poplar Lutestring;Tethea or
Porter's Rustic;Athetis hospes
Portland Moth;Actebia praecox
Portland Ribbon Wave;Idaea degeneraria
Potato Tuber Moth;Phthorimaea operculella
Powdered Quaker;Orthosia gracilis
Powdered Rustic;Hoplodrina superstes
Pretty Chalk Carpet;Melanthia procellata
Pretty Marbled;Deltote deceptoria
Pretty Pinion;Perizoma blandiata
Privet Hawk-moth;Sphinx ligustri
Purple Bar;Cosmorhoe ocellata
Purple Clay;Diarsia brunnea
Purple Cloud;Actinotia polyodon
Purple Marbled;Eublemma ostrina
Purple Thorn;Selenia tetralunaria
Purple Treble-bar;Aplocera praeformata
Purple-barred Yellow;Lythria purpuraria
Purple-bordered Gold;Idaea muricata
Purple-edged Copper;Lycaena hippothoe
Purple-shaded Gem;Euchalcia variabilis
Puss Moth;Cerura vinula
Radford's Flame Shoulder;Ochropleura leucogaster
Raisin Moth;Cadra figulilella
Rannoch Brindled Beauty;Lycia lapponaria
Rannoch Looper;Macaria brunneata
Rannoch Sprawler;Brachionycha nubeculosa
Raspberry Clearwing;Pennisetia hylaeiformis
Raspberry Moth;Lampronia corticella
Red Carpet;Xanthorhoe decoloraria
Red Chestnut;Cerastis rubricosa
Red Sword-grass;Xylena vetusta
Red Twin-spot Carpet;Xanthorhoe spadicearia
Red Underwing;Catocala nupta
Red-barred Tortrix;Ditula angustiorana
Red-belted Clearwing;Synanthedon myopaeformis
Reddish Buff;Acosmetia caliginosa
Reddish Light Arches;Apamea sublustris
Red-green Carpet;Chloroclysta siterata
Red-headed Chestnut;Conistra erythrocephala
Red-line Quaker;Agrochola lota
Red-necked Footman;Atolmis rubricollis
Red-tipped Clearwing;Synanthedon formicaeformis
Reed Dagger;Simyra albovenosa
Reed Leopard;Phragmataecia castaneae
Reed Tussock;Laelia coenosa
Reedbed Plume;Emmelina argoteles
Remm's Rustic;Mesapamea remmi
Rest Harrow;Aplasta ononaria
Rhomboid Tortrix;Acleris rhombana
Riband Wave;Idaea aversata
Rice Moth;Corcyra cephalonica
Ringed Border;Stegania cararia
Ringed Carpet;Cleora cinctaria
Ringed China-mark;Parapoynx stratiotata
Rose Leaf Miner;Stigmella anomalella
Rose Plume;Cnaemidophorus rhododactyla
Rose Tortrix;Archips rosana
Rosy Footman;Miltochrista miniata
Rosy Marbled;Elaphria venustula
Rosy Marsh Moth;Coenophila subrosea
Rosy Minor;Litoligia literosa
Rosy Rustic;Hydraecia micacea
Rosy Underwing;Catocala electa
Rosy Wave;Scopula emutaria
Round-winged Muslin;Thumatha senex
Royal Mantle;Catarhoe cuculata
Ruby Tiger;Phragmatobia fuliginosa
Ruddy Carpet;Catarhoe rubidata
Ruddy Highflyer;Hydriomena ruberata
Rufous Minor;Oligia versicolor
Rush Veneer;Nomophila noctuella
Rush Wainscot;Globia algae
Rustic Shoulder-knot;Apamea sordens
Rusty-dot Pearl;Udea ferrugalis
Rusty Wave;Idaea inquinata
Sallow Clearwing;Synanthedon flaviventris
Sallow Kitten;Furcula furcula
Sallow Nycteoline;Nycteola degenerana
Saltern Ear;Amphipoea fucosa
Sand Dart;Agrotis ripae
Sandhill Rustic;Luperina nickerlii
Sandy Carpet;Perizoma flavofasciata
Satin Beauty;Deileptenia ribeata
Satin Lutestring;Tetheella fluctuosa
Satin Stowaway;Antichloris viridis
Satin Wave;Idaea subsericeata
Satyr Pug;Eupithecia satyrata
Saxifrage Plume;Stenoptilia millieridactyla
Scallop Shell;Hydria undulata
Scalloped Hazel;Odontopera bidentata
Scalloped Hook-tip;Falcaria lacertinaria
Scalloped Oak;Crocallis elinguaria
Scar Bank Gem;Ctenoplusia limbirena
Scarce Arches;Fabula zollikoferi
Scarce Black Arches;Nola aerugula
Scarce Blackneck;Lygephila craccae
Scarce Bordered Straw;Helicoverpa armigera
Scarce Brindle;Apamea lateritia
Scarce Burnished Brass;Diachrysia chryson
Scarce Chocolate-tip;Clostera anachoreta
Scarce Copper;Lycaena virgaureae
Scarce Dagger;Acronicta auricoma
Scarce Footman;Eilema complana
Scarce Forester;Jordanita globulariae
Scarce Goldenrod Plume;Hellinsia chrysocomae
Scarce Hook-tip;Sabra harpagula
Scarce Light Plume;Crombrugghia laetus
Scarce Marbled;Eublemma minutata
Scarce Meal-moth;Schinia rivulosa
Scarce Merveille du Jour;Moma alpium
Scarce Midget;Phyllonorycter distentella
Scarce Prominent;Odontosia carmelita
Scarce Pug;Eupithecia extensaria
Scarce Silver Y;Syngrapha interrogationis
Scarce Silver-lines;Bena bicolorana
Scarce Tissue;Hydria cervinalis
Scarce Umber;Agriopis aurantiaria
Scarce Vapourer;Orgyia recens
Scarce Wormwood;Cucullia artemisiae
Scarlet Tiger;Callimorpha dominula
Scorched Carpet;Ligdia adustata
Scorched Wing;Plagodis dolabraria
Scotch Annulet;Gnophos obfuscata
Scotch Burnet;Zygaena exulans
Seathorn Hawk-moth;Hyles hippophaes
September Thorn;Ennomos erosaria
Setaceous Hebrew Character;Xestia c-nigrum
Shaded Broad-bar;Scotopteryx chenopodiata
Shaded Fan-foot;Herminia tarsicrinalis
Shaded Pug;Eupithecia subumbrata
Sharp-angled Carpet;Euphyia unangulata
Sharp-angled Peacock;Macaria alternata
Sheep's-bit Conch;Cochylis pallidana
Shining Marbled;Pseudeustrotia candidula
Shore Wainscot;Mythimna litoralis
Short-cloaked Moth;Nola cucullatella
Short-winged Plume;Pselnophorus heterodactyla
Shoulder Stripe;Earophila badiata
Shoulder-striped Clover;Heliothis maritima
Shoulder-striped Wainscot;Leucania comma
Shuttle-shaped Dart;Agrotis puta
Silky Wainscot;Chilodes maritima
Silky Wave;Idaea dilutaria
Silver Barred;Deltote bankiana
Silver Cloud;Egira conspicillaris
Silver Hook;Deltote uncula
Silver Y;Autographa gamma
Silver-ground Carpet;Xanthorhoe montanata
Silver-striped Hawk-moth;Hippotion celerio
Silvery Arches;Polia hepatica
Silvery Gem;Eucarta virgo
Single-dotted Wave;Idaea dimidiata
Six-belted Clearwing;Bembecia ichneumoniformis
Six-Spot Burnet;Zygaena filipendulae
Six-striped Rustic;Xestia sexstrigata
Skin Moth;Monopis laevigella
Slender Brindle;Apamea scolopacina
Slender Burnished Brass;Thysanoplusia orichalcea
Slender Pug;Eupithecia tenuiata
Slender Scotch Burnet;Zygaena loti
Slender-striped Rufous;Coenocalpe lapidata
Sloe Carpet;Aleucis distinctata
Sloe Pug;Pasiphila chloerata
Small Angle Shades;Euplexia lucipara
Small Argent & Sable;Epirrhoe tristata
Small Autumnal Moth;Epirrita filigrammaria
Small Black Arches;Meganola strigula
Small Blood-vein;Scopula imitaria
Small Brindled Beauty;Apocheima hispidaria
Small China-mark;Cataclysta lemnata
Small Chocolate-tip;Clostera pigra
Small Clouded Brindle;Apamea unanimis
Small Dark Yellow Underwing;Coranarta cordigera
Small Dotted Buff;Photedes minima
Small Dotted Footman;Pelosia obtusa
Small Dusty Wave;Idaea seriata
Small Eggar;Eriogaster lanestris
Small Elephant Hawk-moth;Deilephila porcellus
Small Emerald;Hemistola chrysoprasaria
Small Fan-foot;Herminia grisealis
Small Fan-footed Wave;Idaea biselata
Small Goldenrod Plume;Hellinsia osteodactylus
Small Grass Emerald;Chlorissa viridata
Small Lappet;Phyllodesma ilicifolia
Small Magpie;Anania hortulata
Small Marbled;Eublemma parva
Small Mottled Willow;Spodoptera exigua
Small Phoenix;Ecliptopera silaceata
Small Plume;Oxyptilus parvidactyla
Small Purple-barred;Phytometra viridaria
Small Quaker;Orthosia cruda
Small Ranunculus;Hecatera dysodea
Small Rivulet;Perizoma alchemillata
Small Rufous;Coenobia rufa
Small Scabious Plume;Stenoptilia annadactyla
Small Scallop;Idaea emarginata
Small Seraphim;Pterapherapteryx sexalata
Small Square-spot;Diarsia rubi
Small Tabby;Aglossa caprealis
Small Wainscot;Denticucullus pygmina
Small Waved Umber;Horisme vitalbata
Small White Wave;Asthena albulata
Small Yellow Underwing;Panemeria tenebrata
Small Yellow Wave;Hydrelia flammeolaria
Smoky Wainscot;Mythimna impura
Smoky Wave;Scopula ternata
Softly's Shoulder-knot;Lithophane consocia
Sombre Brocade;Dichonioxa tenebrosa
Sorcerer;Aedia leucomelas
Southern Army Leafworm;Spodoptera eridania
Southern Brindled Green;Dryobotodes roboris
Southern Chestnut;Agrochola haematidea
Southern Rustic;Rhyacia lucipeta
Southern Wainscot;Mythimna straminea
Soybean Looper;Pseudoplusia includens
Spalding's Dart;Agrotis herzogi
Spanish Carpet;Scotopteryx peribolata
Speckled Beauty;Fagivorina arenaria
Speckled Footman;Coscinia cribraria
Speckled Yellow;Pseudopanthera macularia
Spindle Ermine;Yponomeuta cagnagella
Spiny Bollworm;Earias biplaga
Splendid Brocade;Lacanobia splendens
Spotted Clover;Protoschinia scutosa
Spotted Shoot Moth;Rhyacionia pinivorana
Spotted Sulphur;Acontia trabealis
Spotted White Plume;Porrittia galactodactyla
Spring Usher;Agriopis leucophaearia
Spruce Carpet;Thera britannica
Spurge Hawk-moth;Hyles euphorbiae
Square Spot;Paradarisa consonaria
Square-spot Dart;Euxoa obelisca
Square-spot Rustic;Xestia xanthographa
Square-spotted Clay;Xestia stigmatica
Star-wort;Cucullia asteris
Stephens' Gem;Megalographa biloba
Stored Nut Moth;Paralipsa gularis
Stout Dart;Spaelotis ravida
Strange Wave;Idaea laevigata
Straw Belle;Aspitates gilvaria
Straw Dot;Rivula sericealis
Straw Underwing;Thalpophila matura
Strawberry Tortrix;Acleris comariana
Streaked Plusia;Vittaplusia vittata
Streaked Wave;Scopula virgulata
Striped Hawk-moth;Hyles livornica
Striped Lychnis;Cucullia lychnitis
Striped Twin-spot Carpet;Coenotephria salicata
Striped Wainscot;Mythimna pudorina
Sub-angled Wave;Scopula nigropunctata
Summer Fruit Tortrix;Adoxophyes orana
Sundew Plume;Buckleria paludum
Sussex Emerald;Thalera fimbrialis
Svensson's Copper Underwing;Amphipyra berbera
Swallow Prominent;Pheosia tremula
Swallow-tailed Moth;Ourapteryx sambucaria
Sweet Gale Moth;Acronicta euphorbiae
Sweet Gale Moth;Acronicta cinerea
Sword-grass;Xylena exsoleta
Tamarisk Peacock;Chiasmia aestimaria
Tamarisk Plume;Agdistis tamaricis
Tansy Plume;Gillmeria ochrodactyla
Tapestry Moth;Trichophaga tapetzella
Tawny Marbled Minor;Oligia latruncula
Tawny Pinion;Lithophane semibrunnea
Tawny Prominent;Harpyia milhauseri
Tawny Shears;Hadena perplexa
Tawny Shoulder;Feltia subterranea
Tawny Speckled Pug;Eupithecia icterata
Tawny Wave;Scopula rubiginata
Tawny-barred Angle;Macaria liturata
Tea Tabby;Aglossa dimidiatus
The African;Condica capensis
The Alchymist;Catephia alchymista
The Annulet;Charissa obscurata
The Anomalous;Stilbia anomala
The Basker;Euchromia lethe
The Berber;Pseudenargia ulicis
The Blackneck;Lygephila pastinum
The Brick;Agrochola circellaris
The Brother;Raphia frater
The Butterbur;Hydraecia petasitis
The Cameo;Crypsedra gemmea
The Campion;Sideridis rivularis
The Chestnut;Conistra vaccinii
The Chevron;Eulithis testata
The Cinnabar;Tyria jacobaeae
The Clay;Mythimna ferrago
The Concolorous;Photedes extrema
The Conformist;Lithophane furcifera
The Confused;Apamea furva
The Coronet;Craniophora ligustri
The Cosmopolitan;Leucania loreyi
The Crescent;Helotropha leucostigma
The Cudweed;Cucullia gnaphalii
The Delicate;Mythimna vitellina
The Docker;Antichloris caca
The Double-barred;Caenurgina crassiuscula
The Drinker;Euthrix potatoria
The Druid;Aedia funesta
The Dun-bar;Cosmia trapezina
The Engrailed;Ectropis crepuscularia
The Exile/Northern Arches;Apamea exulis
The Fan-foot;Herminia tarsipennalis
The Fern;Horisme tersata
The Festoon;Apoda limacodes
The Flame;Axylia putris
The Forester;Adscita statices
The Four-spotted;Tyta luctuosa
The Gem;Nycterosea obstipata
The Geometrician;Grammodes stolida
The Goldwing;Synthymia fixa
The Gothic;Naenia typica
The Grey;Hadena caesia
The Handmaid;Dysauxes ancilla
The Herald;Scoliopteryx libatrix
The Lackey;Malacosoma neustria
The Lappet;Gastropacha quercifolia
The Latin;Callopistria juventina
The Lychnis;Hadena bicruris
The Magpie;Abraxas grossulariata
The Mallow;Larentia clavaria
The Many-lined;Costaconvexa polygrammata
The Maori;Graphania averilla
The Miller;Acronicta leporina
The Mocha;Cyclophora annularia
The Mullein;Cucullia verbasci
The Ni Moth;Trichoplusia ni
The Nine-spotted;Amata phegea
The Nonconformist;Lithophane lamda
The Nun;Acontia aprica
The Nutmeg;Anarta trifolii
The Olive;Ipimorpha subtusa
The Passenger;Dysgonia algira
The Phoenix;Eulithis prunata
The Rivulet;Perizoma affinitata
The Rustic;Hoplodrina blanda
The Sallow;Cirrhia icteritia
The Satellite;Eupsilia transversa
The Saxon;Hyppa rectilinea
The Seraphim;Lobophora halterata
The Shark;Cucullia umbratica
The Shears;Hada plebeja
The Silurian;Eriopygodes imbecilla
The Snout;Hypena proboscidalis
The Spectacle;Abrostola tripartita
The Spinach;Eulithis mellinata
The Sprawler;Asteroscopus sphinx
The Stranger;Lacanobia blenna
The Streak;Chesias legatella
The Streamer;Anticlea derivata
The Suspected;Parastichtis suspecta
The Sycamore;Acronicta aceris
The Tissue;Triphosa dubitata
The Traveller;Costaconvexa centrostrigaria
The Triangle;Heterogenea asella
The Triple-barred;Mocis trifasciata
The Uncertain;Hoplodrina octogenaria
The Vapourer;Orgyia antiqua
The Vestal;Rhodometra sacraria
The V-Moth;Macaria wauaria
The V-Pug;Chloroclystis v-ata
The Wormwood;Cucullia absinthii
Thistle Ermine;Myelois circumvoluta
Three-humped Prominent;Notodonta tritophus
Thrift Clearwing;Pyropteron muscaeformis
Thyme Moth;Scrobipalpa artemisiella
Thyme Plume;Merrifieldia leucodactyla
Thyme Pug;Eupithecia distinctaria
Timothy Tortrix;Aphelia paleana
Toadflax Brocade;Calophasia lunula
Toadflax Pug;Eupithecia linariata
Tomato Sphinx;Manduca rustica
Transparent Burnet;Zygaena purpuralis
Treble Brown Spot;Idaea trigeminata
Treble Lines;Charanyca trigrammica
Treble-bar;Aplocera plagiata
Tree-lichen Beauty;Cryphia algae
Trent Double-stripe;Clytie illunaris
Triangle Plume;Platyptilia gonodactyla
Triple-spotted Clay;Xestia ditrapezium
Triple-spotted Pug;Eupithecia trisignaria
Tropical Tobacco Moth;Setomorpha rutella
True Lover's Knot;Lycophotia porphyrea
Tunbridge Wells Gem;Chrysodeixis acuta
Turnip Moth;Agrotis segetum
Turquoise Blue;Polyommatus dorylas
Twenty-plume Moth;Alucita hexadactyla
Twin-spot Carpet;Mesotype didymata
Twin-spot Plume;Stenoptilia bipunctidactyla
Twin-spotted Quaker;Anorthoa munda
Twin-spotted Wainscot;Lenisa geminipuncta
Twin-striped Tabby;Epizeuxis lubricalis
Union Rustic;Pabulatrix pabulatricula
Valerian Pug;Eupithecia valerianata
Varied Coronet;Hadena compta
Variegated Golden Tortrix;Archips xylosteana
Vine Moth;Eupoecilia ambiguella
Vine's Rustic;Hoplodrina ambigua
Viper's Bugloss;Hadena irregularis
Water Betony;Cucullia scrophulariae
Water Carpet;Lampropteryx suffumata
Water Ermine;Spilosoma urticae
Water Veneer;Acentria ephemerella
Waved Black;Parascotia fuliginaria
Waved Carpet;Hydrelia sylvata
Waved Tabby;Epizeuxis aemula
Waved Umber;Menophra abruptaria
Wax Moth;Galleria mellonella
Weaver's Wave;Idaea contiguaria
Webb's Wainscot;Globia sparganii
Welsh Clearwing;Synanthedon scoliaeformis
Welsh Wave;Venusia cambrica
Western Thyme Plume;Merrifieldia tridactyla
White Colon;Sideridis turbida
White Ermine;Spilosoma lubricipeda
White Plume Moth;Pterophorus pentadactyla
White Prominent;Leucodonta bicoloria
White Satin Moth;Leucoma salicis
White Spot;Hypagyrtis unipunctata
White Spot;Hadena albimacula
White-banded Carpet;Spargania luctuata
White-barred Clearwing;Synanthedon spheciformis
White-line Dart;Euxoa tritici
White-line Snout;Schrankia taenialis
White-lined Hawk-moth;Hyles lineata
White-mantled Wainscot;Archanara neurica
White-marked;Cerastis leucographa
White-pinion Spotted;Lomographa bimaculata
White-point;Mythimna albipuncta
White-shouldered House-moth;Endrosis sarcitrella
White-speck;Mythimna unipuncta
White-spotted Pinion;Cosmia diffinis
White-spotted Pug;Eupithecia tripunctaria
Wild Cherry Sphinx;Sphinx drupiferarum
Willow Beauty;Peribatodes rhomboidaria
Willow Ermine;Yponomeuta rorrella
Willow Tortrix;Epinotia cruciana
Willowherb Hawk-moth;Proserpinus proserpina
Winter Moth;Operophtera brumata
Wood Carpet;Epirrhoe rivata
Wood Tiger;Parasemia plantaginis
Wood-sage Plume;Capperia britanniodactylus
Woods's Dart;Agrotis graslini
Wormwood Pug;Eupithecia absinthiata
Yarrow Plume;Gillmeria pallidactyla
Yarrow Pug;Eupithecia millefoliata
Yellow Belle;Aspitates ochrearia
Yellow Horned;Achlya flavicornis
Yellow Shell;Camptogramma bilineata
Yellow V Moth;Oinophila v-flava
Yellow-barred Brindle;Acasis viretata
Yellow-legged Clearwing;Synanthedon vespiformis
Yellow-line Quaker;Agrochola macilenta
Yellow-ringed Carpet;Entephria flavicinctata
Yellow-tail;Euproctis similis
;Zophodia grossulariella
;Zelleria oleastrella
;Zelleria hepariella
;Zeiraphera rufimitrana
;Zeiraphera ratzeburgiana
;Zeiraphera isertana
;Ypsolopha vittella
;Ypsolopha ustella
;Ypsolopha sylvella
;Ypsolopha sequella
;Ypsolopha scabrella
;Ypsolopha parenthesella
;Ypsolopha nemorella
;Ypsolopha mucronella
;Ypsolopha lucella
;Ypsolopha horridella
;Ypsolopha asperella
;Ypsolopha alpella
;Yponomeuta sedella
;Yponomeuta plumbella
;Yponomeuta irrorella
;Xystophora pulveratella
;Xenolechia aethiops
;Xanthopastis timais
;Whittleia retiella
;Vitula edmandsii
;Vitula biviella
;Uresiphita reversalis
;Uresiphita gilvata
;Udea uliginosalis
;Udea prunalis
;Udea olivalis
;Udea lutealis
;Udea fulvalis
;Udea decrepitalis
;Udea alpinalis
;Tuta absoluta
;Trifurcula subnitidella
;Trifurcula squamatella
;Trifurcula immundella
;Trifurcula headleyella
;Trifurcula eurema
;Trifurcula cryptella
;Trifurcula beirnei
;Trichophaga mormopis
;Triaxomera parasitella
;Triaxomera fulvimitrella
;Triaxomasia caprimulgella
;Tortricodes alternella
;Tischeria ekebladella
;Tischeria dodonaea
;Tinea trinotella
;Tinea translucens
;Tinea semifulvella
;Tinea murariella
;Tinea lanella
;Tinea flavescentella
;Tinea fictrix
;Tinea dubiella
;Tinea columbariella
;Tinagma ocnerostomella
;Tinagma balteolella
;Thyridopteryx ephemeraeformis
;Thisanotia chrysonuchella
;Thiotricha subocellea
;Thiodia torridana
;Thiodia citrana
;Tenaga nigripunctella
;Teleiopsis diffinis
;Teleiodes wagae
;Teleiodes vulgella
;Teleiodes sequax
;Teleiodes luculella
;Teleiodes flavimaculella
;Telechrysis tripuncta
;Tebenna micalis
;Taleporia tubulosa
;Tachystola acroxantha
;Syndemis musculana
;Syncopacma vinella
;Syncopacma taeniolella
;Syncopacma suecicella
;Syncopacma sangiella
;Syncopacma polychromella
;Syncopacma larseniella
;Syncopacma cinctella
;Syncopacma albipalpella
;Syncopacma albifrontella
;Synaphe punctalis
;Symmoca signatella
;Swammerdamia pyrella
;Swammerdamia passerella
;Swammerdamia compunctella
;Swammerdamia caesiella
;Strophedra weirana
;Strophedra nitidana
;Stigmella zelleriella
;Stigmella viscerella
;Stigmella ulmivora
;Stigmella ulmiphaga
;Stigmella ulmariae 
;Stigmella trimaculella
;Stigmella torminalis
;Stigmella tormentillella
;Stigmella tityrella
;Stigmella tiliae
;Stigmella svenssoni
;Stigmella suberivora
;Stigmella splendidissimella
;Stigmella spinosissimae
;Stigmella speciosa
;Stigmella sorbi
;Stigmella samiatella
;Stigmella salicis
;Stigmella sakhalinella
;Stigmella ruficapitella
;Stigmella roborella
;Stigmella regiella
;Stigmella pyri
;Stigmella prunetorum
;Stigmella pretiosa
;Stigmella poterii f. tengstroemi
;Stigmella poterii f. serella
;Stigmella poterii
;Stigmella plagicolella
;Stigmella perpygmaeella
;Stigmella paradoxa
;Stigmella oxyacanthella
;Stigmella obliquella
;Stigmella nylandriella
;Stigmella myrtillella
;Stigmella minusculella
;Stigmella microtheriella
;Stigmella mespilicola
;Stigmella magdalenae
;Stigmella luteella
;Stigmella lemniscella
;Stigmella lapponica
;Stigmella incognitella
;Stigmella hybnerella
;Stigmella hemargyrella
;Stigmella glutinosae
;Stigmella floslactella
;Stigmella filipendulae
;Stigmella dryadella
;Stigmella desperatella
;Stigmella crataegella
;Stigmella continuella
;Stigmella confusella
;Stigmella centifoliella
;Stigmella catharticella
;Stigmella carpinella
;Stigmella betulicola
;Stigmella basiguttella
;Stigmella auromarginella
;Stigmella aurella f. nitens
;Stigmella aurella f. dulcella
;Stigmella aurella
;Stigmella atricapitella
;Stigmella assimilella
;Stigmella alnetella
;Stigmella aeneofasciella
;Stigmella aceris
;Stictea mygindiana
;Sterrhopterix fusca
;Stenoptinea cyaneimarmorella
;Stenoptilia aridus
;Stenolechia gemmella
;Stathmopoda pedella
;Stathmopoda diplaspis
;Spuleria flavicaput
;Spoladea recurvalis
;Spilonota laricana
;Spatalistis bifasciana
;Sparganothis pilleriana
;Sorhagenia rhamniella
;Sorhagenia lophyrella
;Sorhagenia janiszewskae
;Sophronia semicostella
;Sophronia humerella
;Sitochroa verticalis
;Sitochroa palealis
;Semioscopis steinkellneriana
;Semioscopis avellanella
;Selania leplastriana
;Selagia argyrella
;Scythris sinensis
;Scythris siccella
;Scythris potentillella
;Scythris picaepennis
;Scythris limbella
;Scythris inspersella
;Scythris grandipennis
;Scythris fuscoaenea
;Scythris fallacella
;Scythris empetrella
;Scythris crassiuscula
;Scythris cicadella
;Scrobipalpula tussilaginis
;Scrobipalpula diffluella
;Scrobipalpa suaedella
;Scrobipalpa stangei
;Scrobipalpa samadensis
;Scrobipalpa salinella
;Scrobipalpa pauperella
;Scrobipalpa obsoletella
;Scrobipalpa nitentella
;Scrobipalpa murinella
;Scrobipalpa instabilella
;Scrobipalpa costella
;Scrobipalpa clintoni
;Scrobipalpa atriplicella
;Scrobipalpa acuminatella
;Scoparia subfusca
;Scoparia pyralella
;Scoparia basistrigalis
;Scoparia ancipitella
;Scoparia ambigualis
;Sclerocona acutellus
;Sciota rhenella
;Sciota hostilis
;Sciota adelphella
;Schreckensteinia festaliella
;Schoenobius gigantella
;Schiffermuellerina grandis
;Sceliodes laisalis
;Salebriopsis albicilla
;Roeslerstammia pronubella
;Roeslerstammia erxlebella
;Rhyacionia pinicolana
;Rhopobota ustomaculana
;Rhopobota stagnana
;Rhopobota myrtillana
;Rhodophaea formosa
;Rhigognostis senilella
;Rhigognostis incarnatella
;Rhigognostis annulatella
;Recurvaria nanella
;Recurvaria leucatella
;Pyroderces argyrogrammos
;Pyrausta sanguinalis
;Pyrausta purpuralis
;Pyrausta ostrinalis
;Pyrausta nigrata
;Pyrausta despicata
;Pyrausta cingulata
;Pyrausta aurata
;Pyralis manihotalis
;Pyralis lienigialis
;Ptycholomoides aeriferana
;Ptycholoma lecheana
;Ptocheuusa paupella
;Psychoides verhuella
;Psychoides filicivora
;Psyche crassiorella
;Psyche casta
;Psoricoptera gibbosella
;Pseudotelphusa scalella
;Pseudotelphusa paripunctella
;Pseudoswammerdamia combinella
;Pseudosciaphila branderiana
;Pseudopostega crepusculella
;Pseudopostega auritella
;Pseudococcyx posticana
;Pseudatemelia subochreella
;Pseudatemelia josephinae
;Pseudatemelia flavifrontella
;Pseudargyrotoza conwagana
;Psammotis pulveralis
;Psamathocrita osseella
;Psamathocrita argentella
;Proutia betulina
;Prolita solutella
;Prolita sexpunctella
;Prochoreutis sehestediana
;Prochoreutis myllerana
;Pristerognatha penthinana
;Prays peregrina
;Prays oleae
;Prays citri
;Povolnya leucapennella
;Plutella porrectella
;Plutella haasi
;Pleurota bicostella
;Pleurota aristella
;Pleuroptya aegrotalis
;Platytes cerussella
;Platytes alpinella
;Platynota rostrana
;Platyedra subcinerea
;Piniphila bifasciana
;Pima boisduvaliella
;Phylloporia bistrigella
;Phyllonorycter viminiella
;Phyllonorycter viminetorum
;Phyllonorycter ulmifoliella
;Phyllonorycter ulicicolella
;Phyllonorycter tristrigella
;Phyllonorycter trifasciella
;Phyllonorycter tenerella
;Phyllonorycter strigulatella
;Phyllonorycter stettinensis
;Phyllonorycter staintoniella
;Phyllonorycter spinicolella
;Phyllonorycter sorbi
;Phyllonorycter scopariella
;Phyllonorycter schreberella
;Phyllonorycter scabiosella
;Phyllonorycter salicicolella
;Phyllonorycter sagitella
;Phyllonorycter roboris
;Phyllonorycter rajella
;Phyllonorycter quinqueguttella
;Phyllonorycter quercifoliella
;Phyllonorycter platani
;Phyllonorycter oxyacanthae
;Phyllonorycter nigrescentella
;Phyllonorycter nicellii
;Phyllonorycter muelleriella
;Phyllonorycter messaniella
;Phyllonorycter mespilella
;Phyllonorycter maestingella
;Phyllonorycter lautella
;Phyllonorycter lantanella
;Phyllonorycter kuhlweiniella
;Phyllonorycter klemannella
;Phyllonorycter junoniella
;Phyllonorycter joannisi
;Phyllonorycter insignitella
;Phyllonorycter hilarella
;Phyllonorycter heegeriella
;Phyllonorycter harrisella
;Phyllonorycter geniculella
;Phyllonorycter froelichiella
;Phyllonorycter esperella
;Phyllonorycter emberizaepenella
;Phyllonorycter dubitella
;Phyllonorycter cydoniella
;Phyllonorycter corylifoliella
;Phyllonorycter comparella
;Phyllonorycter cerasicolella
;Phyllonorycter cavella
;Phyllonorycter blancardella
;Phyllonorycter anderidae
;Phyllonorycter acerifoliella
;Phyllocnistis xenia
;Phyllocnistis unipunctella
;Phyllocnistis saligna
;Phyllocnistis ramulicola
;Phycitodes saxicola
;Phycitodes maritima
;Phycitodes binaevella
;Phycita roborella
;Phtheochroa sodaliana
;Phtheochroa schreibersiana
;Phtheochroa rugosana
;Phtheochroa inopiana
;Philedonides lunana
;Philedone gerningana
;Phiaris schulziana
;Phiaris palustrana
;Phiaris obsoletana
;Phiaris micana
;Phiaris metallicana
;Phaulernis fulviguttella
;Phaulernis dentella
;Phaneta pauperana
;Phalonidia manniana
;Phalonidia gilvicomana
;Phalonidia curvistrigana
;Phalonidia affinitana
;Perittia obscurepunctella
;Perittia farinella
;Periclepsis cinctana
;Pericallia ricini
;Pempeliella ornatella
;Pempelia palumbella
;Pempelia genistella
;Pelochrista caecimaculana
;Pediasia fascelinella
;Pediasia contaminella
;Pediasia aridella
;Peach Twig
;Parornix torquillella
;Parornix scoticella
;Parornix loganella
;Parornix finitimella
;Parornix fagivora
;Parornix devoniella
;Parornix carpinella
;Parornix betulae
;Parornix anglicella
;Parornix alpicola
;Parectopa ononidis
;Paratalanta hyalinalis
;Paraswammerdamia nebulella
;Paraswammerdamia albicapitella
;Parapoynx polydectalis
;Parapoynx obscuralis
;Parapoynx fluctuosalis
;Parapoynx diminutalis
;Parapoynx crisonalis
;Parapoynx bilinealis
;Paramesia gnomana
;Paracrania chrysolepidella
;Paracorsia repandalis
;Parachronistis albiceps
;Pandesma robusta
;Pandemis dumetana
;Pandemis cinnamomeana
;Pancalia schwarzella
;Pancalia leuwenhoekella
;Pammene trauniana
;Pammene suspectana
;Pammene splendidulana
;Pammene spiniana
;Pammene regiana
;Pammene populana
;Pammene ochsenheimeriana
;Pammene obscurana
;Pammene luedersiana
;Pammene ignorata
;Pammene herrichiana
;Pammene giganteana
;Pammene germmana
;Pammene gallicana
;Pammene fasciana
;Pammene aurita
;Pammene aurana
;Pammene argyrana
;Pammene albuginana
;Pammene agnotana
;Palpita vitrealis
;Pachythelia villosella
;Orthotelia sparganella
;Orthotaenia undulana
;Ortholepis betulae
;Orodesma apicina
;Opostega spatulella
;Opostega salaciella
;Opogona sacchari
;Opogona omoscopa
;Opogona antistacta
;Oncocera semirubella
;Olindia schumacherana
;Olethreutes arcuella
;Oegoconia quadripuncta
;Oegoconia deauratella
;Oegoconia caradjai
;Oecophora bractella
;Ocnerostoma piniariella
;Ocnerostoma friesei
;Ochsenheimeria vacculella
;Ochsenheimeria urella
;Ochsenheimeria taurella
;Nyctegretis lineana
;Notocelia trimaculana
;Notocelia tetragonana
;Notocelia rosaecolana
;Notocelia roborana
;Notocelia incarnatana
;Notocelia cynosbatella
;Nothris verbascella
;Nothris congressariella
;Nomophila nearctica
;Niditinea striolella
;Nephopterix angustella
;Neosphaleroptera nubilana
;Neofriseria singula
;Neofriseria peliella
;Neofaculta ericetella
;Nemophora minimella
;Nemophora metallica
;Nemophora fasciella
;Nemophora degeerella
;Nemophora cupriacella
;Nemaxera betulinella
;Nematopogon swammerdamella
;Nematopogon schwarziellus
;Nematopogon pilella
;Nematopogon metaxella
;Nematopogon magna
;Nemapogon variatella
;Nemapogon ruricolella
;Nemapogon picarella
;Nemapogon koenigi
;Nemapogon clematella
;Nascia cilialis
;Narycia duplicella
;Myrmecozela ochraceella
;Mussidia nigrivenella
;Musotima nitidalis
;Morophaga choragella
;Monopis weaverella
;Monopis obviella
;Monopis monachella
;Monopis imella
;Monopis fenestratella
;Monopis crocicapitella
;Monochroa tetragonella
;Monochroa tenebrella
;Monochroa suffusella
;Monochroa palustrellus
;Monochroa niphognatha
;Monochroa moyses
;Monochroa lutulentella
;Monochroa lucidella
;Monochroa hornigi
;Monochroa elongella
;Monochroa divisella
;Monochroa cytisella
;Monochroa conspersella
;Monochroa arundinetella
;Mompha terminella
;Mompha subbistrigella
;Mompha sturnipennella
;Mompha raschkiella
;Mompha propinquella
;Mompha ochraceella
;Mompha miscella
;Mompha locupletella
;Mompha langiella
;Mompha lacteella
;Mompha jurassicella
;Mompha epilobiella
;Mompha divisella
;Mompha conturbatella
;Mompha bradleyi
;Moitrelia obductella
;Mirificarma mulinella
;Mirificarma lentiginosella
;Micropterix tunbergella
;Micropterix mansuetella
;Micropterix calthella
;Micropterix aureatella
;Micropterix aruncella
;Metzneria neuropterella
;Metzneria metzneriella
;Metzneria littorella
;Metzneria lappella
;Metzneria aprilella
;Metzneria aestivella
;Metaxmeste phrygialis
;Metalampra italica
;Mesophleps silacella
;Mecyna flavalis
;Mecyna asinalis
;Matilella fusca
;Manduca sexta
;Lyonetia prunifoliella
;Luquetia lobella
;Luffia lapidella
;Luffia ferchaultella
;Lozotaeniodes formosana
;Lozotaenia subocellana
;Lozotaenia forsterana
;Loxostege sticticalis
;Lobesia reliquana
;Lobesia occidentis
;Lobesia littoralis
;Lobesia abscisana
;Lindera tessellatella
;Limnaecia phragmitella
;Levipalpus hepatariella
;Leucospilapteryx omissella
;Leucoptera spartifoliella
;Leucoptera sinuella
;Leucoptera lotella
;Leucoptera lathyrifoliella
;Leucinodes vagans
;Leucinodes orbonalis
;Leucania commoides
;Lathronympha strigana
;Lampronia pubicornis
;Lampronia morosa
;Lampronia luzella
;Lampronia fuscatella
;Lampronia flavimitrella
;Lacinipolia laudabilis
;Kessleria saxifragae
;Kessleria fasciapennella
;Isotrias rectifasciana
;Isophrictis striatella
;Ischnoscia borreonella
;Infurcitinea captans
;Infurcitinea argentimaculella
;Infurcitinea albicomella
;Incurvaria praelatella
;Incurvaria pectinea
;Incurvaria oehlmanniella
;Incurvaria masculella
;Hysterophora maculosana
;Hypsopygia glaucinalis
;Hypochalcia ahenella
;Hypercompe scribonia
;Hypercallia citrinalis
;Hypatopa binotella
;Hypatima rhomboidella
;Homoeosoma sinuella
;Homoeosoma nimbella
;Homoeosoma nebulella
;Hodebertia testalis
;Herpetogramma centrostrigalis
;Heliozela sericiella
;Heliozela resplendella
;Heliozela hammoniella
;Heliodines roesella
;Helcystogramma rufescens
;Helcystogramma lutatella
;Hedya salicella
;Hedya ochroleucana
;Hedya atropunctana
;Harpella forficella
;Haplotinea insectella
;Haplotinea ditella
;Halysidota moeschleri
;Gypsonoma sociana
;Gypsonoma oppressana
;Gypsonoma nitidulana
;Gypsonoma minutana
;Gypsonoma dealbana
;Gypsonoma aceriana
;Gynnidomorpha vectisana
;Gynnidomorpha minimana
;Gynnidomorpha luridana
;Gynnidomorpha alismana
;Gymnancyla canella
;Grapholita tenebrosana
;Grapholita pallifrontana
;Grapholita orobana
;Grapholita lunulana
;Grapholita lobarzewskii
;Grapholita lathyrana
;Grapholita jungiella
;Grapholita janthinana
;Grapholita internana
;Grapholita gemmiferana
;Grapholita compositella
;Grapholita caecana
;Gracillaria syringella
;Gnorimoschema streliciella
;Glyphipterix thrasonella
;Glyphipterix schoenicolella
;Glyphipterix haworthana
;Glyphipterix fuscoviridella
;Glyphipterix forsterella
;Glyphipterix equitella
;Gibberifera simplana
;Gelechia turpella
;Gelechia sororculella
;Gelechia senticetella
;Gelechia scotinella
;Gelechia sabinellus
;Gelechia rhombella
;Gelechia nigra
;Gelechia muscosella
;Gelechia hippophaella
;Gelechia cuneatella
;Friedlanderia cicatricella
;Falseuncaria ruficiliana
;Falseuncaria degreyana
;Exoteleia dodecella
;Exapate congelatella
;Exaeretia ciniflonella
;Exaeretia allisella
;Evergestis pallidata
;Evergestis limbata
;Evergestis extimalis
;Euzophera pinguis
;Euzophera osseatella
;Euzophera cinerosella
;Euzophera bigella
;Euspilapteryx auroguttella
;Eurhodope cirrigerella
;Eupoecilia angustana
;Euplocamus anthracinalis
;Eulia ministrana
;Eulamprotes wilkella
;Eulamprotes unicolorella
;Eulamprotes immaculatella
;Eulamprotes atrella
;Euhyponomeuta stannella
;Eugnosta lathoniana
;Eudryas staejohannis
;Eudonia truncicolella
;Eudonia pallida
;Eudonia murana
;Eudonia mercurella
;Eudonia lineola
;Eudonia lacustrata
;Eudonia delunella
;Eudonia angustea
;Eudonia alpina
;Eudemis profundana
;Eudemis porphyrana
;Eudarcia richardsoni
;Eucosmomorpha albersana
;Eucosma tripoliana
;Eucosma rubescana
;Eucosma pupillana
;Eucosma parvulana
;Eucosma obumbratana
;Eucosma metzneriana
;Eucosma lacteana
;Eucosma hohenwartiana
;Eucosma conterminana
;Eucosma cana
;Eucosma campoliliana
;Eucosma aspidiscana
;Eucosma aemulana
;Euclemensia woodiella
;Euchromius ocellea
;Euchromius cambridgei
;Etiella zinckenella
;Ethmia terminella
;Ethmia quadrillella
;Ethmia pyrausta
;Ethmia pusiella
;Ethmia dodecea
;Ethmia bipunctella
;Esperia sulphurella
;Eriopsela quadrana
;Eriocrania unimaculella
;Eriocrania sparrmannella
;Eriocrania semipurpurella
;Eriocrania sangii
;Eriocrania salopiella
;Eriocrania cicatricella
;Epischnia asteris
;Epinotia trigonella
;Epinotia tetraquetrana
;Epinotia tedella
;Epinotia subocellana
;Epinotia sordidana
;Epinotia solandriana
;Epinotia signatana
;Epinotia rubiginosana
;Epinotia ramella
;Epinotia pygmaeana
;Epinotia nisella
;Epinotia nigricana
;Epinotia nemorivaga
;Epinotia nanana
;Epinotia mercuriana
;Epinotia maculana
;Epinotia immundana
;Epinotia granitana
;Epinotia fraternana
;Epinotia demarniana
;Epinotia crenana
;Epinotia cinereana
;Epinotia caprana
;Epinotia brunnichana
;Epinotia bilunana
;Epinotia abbreviana
;Epichnopterix plumella
;Epicallima formosella
;Epiblema turbidana
;Epiblema sticticana
;Epiblema scutulana
;Epiblema grandaevana
;Epiblema foenella
;Epiblema costipunctana
;Epiblema cnicicolana
;Epiblema cirsiana
;Ephestia woodiella
;Epermenia profugella
;Epermenia insecurella
;Epermenia farreni
;Epermenia falciformis
;Epermenia chaerophyllella
;Epermenia aequidentellus
;Epagoge grotiana
;Enteucha acetosae
;Endotricha flammealis
;Endotricha consobrinalis
;Endothenia ustulana
;Endothenia quadrimaculana
;Endothenia pullana
;Endothenia oblongana
;Endothenia nigricostana
;Endothenia marginana
;Endothenia gentianaeana
;Endothenia ericetana
;Elophila obliteralis
;Elophila melagynalis
;Elophila manilensis
;Elophila difflualis
;Elegia similella
;Elegia fallax
;Elachista utonella
;Elachista unifasciella
;Elachista triseriatella
;Elachista triatomea
;Elachista trapeziella
;Elachista tengstromi
;Elachista subocellea
;Elachista subnigrella
;Elachista subalbidella
;Elachista stabilella
;Elachista serricornis
;Elachista scirpi
;Elachista rufocinerea
;Elachista regificella
;Elachista pomerana
;Elachista poae
;Elachista orstadii
;Elachista obliquella
;Elachista nobilella
;Elachista maculicerusella
;Elachista luticomella
;Elachista littoricola
;Elachista kilmunella
;Elachista humilis
;Elachista gleichenella
;Elachista geminatella
;Elachista gangabella
;Elachista freyerella
;Elachista eskoi
;Elachista eleochariella
;Elachista consortella
;Elachista collitella
;Elachista cingillella
;Elachista cinereopunctella
;Elachista canapennella
;Elachista cahorsensis
;Elachista bisulcella
;Elachista biatomella
;Elachista bedellella
;Elachista atricomella
;Elachista argentella
;Elachista apicipunctella
;Elachista alpinella
;Elachista albifrontella
;Elachista albidella
;Elachista adscitella
;Eidophasia messingiella
;Ectoedemia weaveri
;Ectoedemia turbidella
;Ectoedemia subbimaculella
;Ectoedemia spinosella
;Ectoedemia sericopeza
;Ectoedemia septembrella
;Ectoedemia rubivora
;Ectoedemia quinquella
;Ectoedemia occultella
;Ectoedemia minimella
;Ectoedemia louisella
;Ectoedemia longicaudella
;Ectoedemia intimella
;Ectoedemia heringi
;Ectoedemia heringella
;Ectoedemia heckfordi
;Ectoedemia hannoverella
;Ectoedemia erythrogenella
;Ectoedemia decentella
;Ectoedemia atrifrontella
;Ectoedemia atricollis
;Ectoedemia argyropeza
;Ectoedemia arcuatella
;Ectoedemia angulifasciella
;Ectoedemia amani
;Ectoedemia albifasciella
;Ectoedemia agrimoniae
;Eccopisa effractella
;Earias vittella
;Eana penziana
;Eana osseana
;Eana incanana
;Eana argentana
;Dystebenna stephensi
;Dyseriocrania subpurpurella
;Duponchelia fovealis
;Dryadaula pactolia
;Donacaula mucronella
;Donacaula forficella
;Dolicharthria punctalis
;Diurnea lipsiella
;Diurnea fagella
;Diplopseustis perieresalis
;Diplodoma laichartingella
;Diphthera festiva
;Dioryctria sylvestrella
;Dioryctria simplicella
;Dioryctria schuetzeella
;Dioryctria abietella
;Digitivalva pulicariae
;Digitivalva perlepidella
;Dichrorampha vancouverana
;Dichrorampha sylvicolana
;Dichrorampha simpliciana
;Dichrorampha sequana
;Dichrorampha senectana
;Dichrorampha sedatana
;Dichrorampha plumbana
;Dichrorampha plumbagana
;Dichrorampha petiverella
;Dichrorampha montanana
;Dichrorampha flavidorsana
;Dichrorampha consortana
;Dichrorampha alpinana
;Dichrorampha aeratana
;Dichrorampha acuminatana
;Dichomeris ustalella
;Dichomeris juniperella
;Dichomeris derasella
;Dichomeris alacella
;Diasemiopsis ramburialis
;Diasemia reticularis
;Diasemia accalis
;Diaphania indica
;Dialectica scalariella
;Dialectica imperialella
;Depressaria ultimella
;Depressaria sordidatella
;Depressaria silesiaca
;Depressaria pulcherrimella
;Depressaria pimpinellae
;Depressaria olerella
;Depressaria emeritella
;Depressaria douglasella
;Depressaria discipunctella
;Depressaria depressana
;Depressaria daucella
;Depressaria chaerophylli
;Depressaria badiella
;Depressaria albipunctella
;Denisia subaquilea
;Denisia similella
;Denisia augustella
;Denisia albimaculea
;Delplanqueia dilutella
;Dasystoma salicella
;Dasycera oliviella
;Dahlica triquetrella
;Cynaeda dentalis
;Cydia succedana
;Cydia strobilella
;Cydia splendana
;Cydia servillana
;Cydia pactolana
;Cydia microgrammana
;Cydia leguminana
;Cydia inquinatana
;Cydia injectiva
;Cydia indivisa
;Cydia illutana
;Cydia fagiglandana
;Cydia cosmophorana
;Cydia corollana
;Cydia coniferana
;Cydia conicolana
;Cydia cognatana
;Cydia amplana
;Cucullia caninae
;Cryptoblabes gnidiella
;Cryptoblabes bistriga
;Crocidosema plebejana
;Crassa unitella
;Crassa tinctella
;Crambus uliginosellus
;Crambus silvella
;Crambus pratella
;Crambus perlella
;Crambus pascuella
;Crambus leucoschalis
;Crambus lathoniellus
;Crambus hamella
;Crambus ericella
;Cosmopterix zieglerella
;Cosmopterix scribaiella
;Cosmopterix schmidiella
;Cosmopterix pulchrimella
;Cosmopterix orichalcea
;Cosmopterix lienigiella
;Coptotriche marginea
;Coptotriche heinemanni
;Coptotriche gaunacella
;Coptotriche angusticollella
;Copipanolis styracis
;Conogethes punctiferalis
;Commophila aeneana
;Coleotechnites piceaella
;Coleophora wockeella
;Coleophora vulnerariae
;Coleophora vitisella
;Coleophora virgaureae
;Coleophora violacea
;Coleophora vibicigerella
;Coleophora vibicella
;Coleophora vestianella
;Coleophora versurella
;Coleophora trochilella
;Coleophora trigeminella
;Coleophora tricolor
;Coleophora therinella
;Coleophora tamesis
;Coleophora taeniipennella
;Coleophora sylvaticella
;Coleophora striatipennella
;Coleophora sternipennella
;Coleophora squamosella
;Coleophora solitariella
;Coleophora siccifolia
;Coleophora serratella
;Coleophora serpylletorum
;Coleophora saxicolella
;Coleophora saturatella
;Coleophora salinella
;Coleophora salicorniae
;Coleophora ramosella
;Coleophora pyrrhulipennella
;Coleophora prunifoliae
;Coleophora potentillae
;Coleophora peribenanderi
;Coleophora pennella
;Coleophora paripennella
;Coleophora pappiferella
;Coleophora otidipennella
;Coleophora orbitella
;Coleophora ochrea
;Coleophora nutantella
;Coleophora niveicostella
;Coleophora milvipennis
;Coleophora mayrella
;Coleophora maritimella
;Coleophora lutipennella
;Coleophora lutarea
;Coleophora lusciniaepennella
;Coleophora lixella
;Coleophora lithargyrinella
;Coleophora linosyridella
;Coleophora lineolea
;Coleophora limosipennella
;Coleophora limoniella
;Coleophora lassella
;Coleophora kuehnella
;Coleophora juncicolella
;Coleophora inulae
;Coleophora idaeella
;Coleophora ibipennella
;Coleophora hydrolapathella
;Coleophora hemerobiella
;Coleophora gryphipennella
;Coleophora glitzella
;Coleophora glaucicolella
;Coleophora genistae
;Coleophora gardesanella
;Coleophora galbulipennella
;Coleophora fuscocuprella
;Coleophora frischella
;Coleophora follicularis
;Coleophora flavipennella
;Coleophora discordella
;Coleophora deviella
;Coleophora deauratella
;Coleophora currucipennella
;Coleophora coracipennella
;Coleophora conyzae
;Coleophora conspicuella
;Coleophora clypeiferella
;Coleophora chalcogrammella
;Coleophora calycotomella
;Coleophora caespititiella
;Coleophora binderella
;Coleophora betulella
;Coleophora badiipennella
;Coleophora atriplicis
;Coleophora asteris
;Coleophora artemisicolella
;Coleophora argentula
;Coleophora arctostaphyli
;Coleophora antennariella
;Coleophora amethystinella
;Coleophora alticolella
;Coleophora alnifoliae
;Coleophora albitarsella
;Coleophora albidella
;Coleophora albicosta
;Coleophora albicans
;Coleophora albella
;Coleophora ahenella
;Coleophora aestuariella
;Coleophora adspersella
;Coleophora adjunctella
;Coleophora adjectella
;Cochylis roseana
;Cochylis nana
;Cochylis molliculana
;Cochylis hybridella
;Cochylis flaviciliana
;Cochylis dubitana
;Cochylis atricapitana
;Cochylimorpha straminea
;Cochylimorpha alternana
;Cochylidia rupicola
;Cochylidia implicitana
;Cochylidia heydeniana
;Cnephasia pasiuana
;Cnephasia longana
;Cnephasia gueneana
;Cnephasia genitalana
;Cnephasia conspersana
;Cnephasia communana
;Clepsis trileucana
;Clepsis senecionana
;Clepsis rurinana
;Clepsis melaleucanus
;Clepsis coriacana
;Clepsis consimilana
;Clavigesta sylvestrana
;Chrysoteuchia culmella
;Chrysoesthia sexguttella
;Chrysoesthia drurella
;Chrysocrambus linetella
;Chrysocrambus craterella
;Chrysoclista linneella
;Chrysoclista lathamella
;Choristoneura lafauryana
;Choristoneura hebenstreitella
;Choristoneura diversana
;Choreutis diana
;Chionodes fumatella
;Chionodes distinctella
;Chilo phragmitella
;Ceratophaga orientalis
;Ceratophaga haidarabadi
;Cephimallota crassiflavella
;Cephimallota colongella
;Celypha woodiana
;Celypha striana
;Celypha rurestrana
;Celypha rufana
;Celypha rosaceana
;Celypha rivulana
;Celypha lacunana
;Celypha doubledayana
;Celypha cespitana
;Celypha aurofasciana
;Cedestis subfasciella
;Cedestis gysseleniella
;Cauchas rufimitrella
;Cauchas fibulella
;Catoptria verellus
;Catoptria speculalis
;Catoptria pinella
;Catoptria permutatellus
;Catoptria osthelderi
;Catoptria margaritella
;Catoptria lythargyrella
;Catoptria furcatellus
;Catoptria falsella
;Caryocolum viscariella
;Caryocolum vicinella
;Caryocolum tricolorella
;Caryocolum proxima
;Caryocolum marmorea
;Caryocolum kroesmanniella
;Caryocolum junctella
;Caryocolum huebneri
;Caryocolum fraternella
;Caryocolum blandulella
;Caryocolum blandelloides
;Caryocolum blandella
;Caryocolum alsinella
;Carpatolechia proximella
;Carpatolechia notatella
;Carpatolechia fugitivella
;Carpatolechia decorella
;Carpatolechia alburnella
;Carcina quercana
;Capua vulgana
;Canephora hirsuta
;Calybites phasianipennella
;Calybites hauderi
;Caloptilia stigmatella
;Caloptilia semifascia
;Caloptilia rufipennella
;Caloptilia robustella
;Caloptilia populetorum
;Caloptilia hemidactylella
;Caloptilia falconipennella
;Caloptilia elongella
;Caloptilia cuculipennella
;Caloptilia betulicola
;Caloptilia alchimiella
;Callisto denticulella
;Callisto coffeella
;Calamotropha paludella
;Bucculatrix ulmifoliae
;Bucculatrix ulmella
;Bucculatrix thoracella
;Bucculatrix nigricomella
;Bucculatrix maritima
;Bucculatrix humiliella
;Bucculatrix frangutella
;Bucculatrix demaryella
;Bucculatrix cristatella
;Bucculatrix cidarella
;Bucculatrix bechsteinella
;Bucculatrix artemisiella
;Bucculatrix albedinella
;Bryotropha umbrosella
;Bryotropha terrella
;Bryotropha similis
;Bryotropha senectella
;Bryotropha politella
;Bryotropha galbanella
;Bryotropha figulella
;Bryotropha dryadella
;Bryotropha domestica
;Bryotropha desertella
;Bryotropha boreella
;Bryotropha basaltinella
;Bryotropha affinis
;Brachmia inornatella
;Brachmia blandella
;Borkhausenia minutella
;Borkhausenia fuscescens
;Bohemannia quadrimaculella
;Bohemannia pulverosella
;Bohemannia auriciliella
;Blastodacna hellerella
;Blastobasis vittata
;Blastobasis rebeli
;Blastobasis phycidella
;Blastobasis lacticolella
;Blastobasis adustella
;Bisigna procerella
;Bilberry Tortrix
;Beet Moth
;Bedellia somnulentella
;Batrachedra praeangusta
;Batrachedra pinicolella
;Batrachedra parvulipunctella
;Batia lunaris
;Batia lambdella
;Batia internella
;Barea asbolaea
;Bankesia conspurcatella
;Bactra robustana
;Bactra lancealana
;Bactra lacteana
;Bactra furfurana
;Bacotia claustrella
;Auximobasis normalis
;Augasma aeratella
;Athrips tetrapunctella
;Athrips mouffetella
;Atemelia torquatella
;Ateliotum insularis
;Assara terebrella
;Aspilapteryx tringipennella
;Aroga velocella
;Aristotelia subdecurtella
;Aristotelia ericinella
;Aristotelia brizella
;Argyrotaenia ljungiana
;Argyroploce arbutella
;Argyresthia trifasciata
;Argyresthia spinosella
;Argyresthia sorbiella
;Argyresthia semitestacella
;Argyresthia semifusca
;Argyresthia retinella
;Argyresthia pygmaeella
;Argyresthia praecocella
;Argyresthia laevigatella
;Argyresthia ivella
;Argyresthia goedartella
;Argyresthia glaucinella
;Argyresthia glabratella
;Argyresthia dilectella
;Argyresthia curvella
;Argyresthia cupressella
;Argyresthia brockeella
;Argyresthia bonnetella
;Argyresthia aurulentella
;Argyresthia arceuthina
;Argyresthia albistria
;Argyresthia abdominalis
;Argolamprotes micella
;Archips semiferanus
;Archips oporana
;Archips betulana
;Archips argyrospila
;Archinemapogon yildizae
;Aproaerema anthyllidella
;Apotomis turbidana
;Apotomis sororculana
;Apotomis semifasciana
;Apotomis sauciana
;Apotomis lineana
;Apotomis infida
;Apotomis capreana
;Apotomis betuletana
;Apomyelois bistriatella
;Apodia bifractella
;Aplota palpellus
;Aphomia zelleri
;Aphomia sabella
;Aphelia unitana
;Antispila treitschkiella
;Antispila metallella
;Antigastra catalaunalis
;Antichloris eriphia
;Anthophila fabriciana
;Anerastia lotella
;Ancylosis oblitella
;Ancylosis cinnamomella
;Ancylolomia tentaculella
;Ancylodes pallens
;Ancylis upupana
;Ancylis unguicella
;Ancylis unculana
;Ancylis uncella
;Ancylis tineana
;Ancylis subarcuana
;Ancylis paludana
;Ancylis obtusana
;Ancylis myrtillana
;Ancylis mitterbacheriana
;Ancylis laetana
;Ancylis geminana
;Ancylis diminutana
;Ancylis comptana
;Ancylis badiana
;Ancylis apicella
;Ancylis achatana
;Anatrachyntis simplex
;Anatrachyntis badia
;Anarsia spartiella
;Anania verbascalis
;Anania terrealis
;Anania stachydalis
;Anania perlucidalis
;Anania lancealis
;Anania fuscalis
;Anania funebris
;Anania crocealis
;Anania coronata
;Anacampsis temerella
;Anacampsis populella
;Anacampsis blattariella
;Amphisbatis incongruella
;Altenia scriptella
;Aleimma loeflingiana
;Alabonia geoffrella
;Agrotis deprivata
;Agrotera nemoralis
;Agriphila tristella
;Agriphila straminella
;Agriphila selasella
;Agriphila poliellus
;Agriphila latistria
;Agriphila inquinatella
;Agriphila geniculea
;Agonopterix yeatiana
;Agonopterix umbellana
;Agonopterix subpropinquella
;Agonopterix scopariella
;Agonopterix rotundella
;Agonopterix putridella
;Agonopterix purpurea
;Agonopterix propinquella
;Agonopterix pallorella
;Agonopterix ocellana
;Agonopterix nervosa
;Agonopterix nanatella
;Agonopterix liturosa
;Agonopterix kuznetzovi
;Agonopterix kaekeritziana
;Agonopterix heracliana
;Agonopterix curvipunctosa
;Agonopterix conterminella
;Agonopterix cnicella
;Agonopterix ciliella
;Agonopterix carduella
;Agonopterix capreolella
;Agonopterix bipunctosa
;Agonopterix atomella
;Agonopterix astrantiae
;Agonopterix assimilella
;Agonopterix arenella
;Agonopterix angelicella
;Agonopterix alstromeriana
;Aglossa ocellalis
;Agdistis meridionalis
;Agdistis bennetii
;Agassiziella angulipennis
;Agapeta zoegana
;Agapeta hamana
;Aethes williana
;Aethes tesserana
;Aethes smeathmanniana
;Aethes rutilana
;Aethes rubigana
;Aethes piercei
;Aethes margarotana
;Aethes margaritana
;Aethes hartmanniana
;Aethes francillana
;Aethes dilucidana
;Aethes cnicana
;Aethes beatricella
;Adoxophyes privatana
;Adela reaumurella
;Adela cuprella
;Adela croesella
;Acrolepiopsis marcidella
;Acrolepiopsis betulella
;Acrolepia autumnitella
;Acroclita subsequana
;Acrocercops brongniardella
;Acrobasis tumidana
;Acrobasis suavella
;Acrobasis repandana
;Acrobasis marmorea
;Acrobasis consociella
;Acrobasis advenella
;Acompsia schmidtiellus
;Acompsia cinerella
;Acleris umbrana
;Acleris sparsana
;Acleris shepherdana
;Acleris schalleriana
;Acleris rufana
;Acleris permutana
;Acleris notana
;Acleris maccana
;Acleris lorquiniana
;Acleris logiana
;Acleris literana
;Acleris lipsiana
;Acleris laterana
;Acleris kochiella
;Acleris hyemana
;Acleris holmiana
;Acleris hastiana
;Acleris forsskaleana
;Acleris ferrugana
;Acleris emargana
;Acleris effractana
;Acleris cristana
;Acleris caledoniana
;Acleris bergmanniana
;Acleris aspersana
;Acleris abietana
;Acanthopsyche atra
