0,abraxas grossulariata
1,abraxas sylvata
2,abrostola tripartita
3,abrostola triplasia
4,acanthopsyche atra
5,acasis viretata
6,acentria ephemerella
7,acherontia atropos
8,achlya flavicornis
9,achroia grisella
10,acleris abietana
11,acleris aspersana
12,acleris bergmanniana
13,acleris comariana
14,acleris cristana
15,acleris effractana
16,acleris emargana
17,acleris ferrugana
18,acleris forsskaleana
19,acleris hastiana
20,acleris holmiana
21,acleris hyemana
22,acleris kochiella
23,acleris laterana
24,acleris lipsiana
25,acleris literana
26,acleris logiana
27,acleris lorquiniana
28,acleris notana
29,acleris permutana
30,acleris quercinana
31,acleris rhombana
32,acleris rufana
33,acleris schalleriana
34,acleris shepherdana
35,acleris sparsana
36,acleris umbrana
37,acleris variegana
38,acompsia cinerella
39,acompsia schmidtiellus
40,acontia lucida
41,acontia trabealis
42,acosmetia caliginosa
43,acrobasis advenella
44,acrobasis consociella
45,acrobasis glaucella
46,acrobasis marmorea
47,acrobasis repandana
48,acrobasis sodalella
49,acrobasis suavella
50,acrobasis tumidana
51,acrocercops brongniardella
52,acroclita subsequana
53,acrolepia autumnitella
54,acrolepiopsis assectella
55,acronicta aceris
56,acronicta alni
57,acronicta auricoma
58,acronicta cuspis
59,acronicta euphorbiae
60,acronicta leporina
61,acronicta megacephala
62,acronicta menyanthidis
63,acronicta psi
64,acronicta rumicis
65,acronicta strigosa
66,acronicta tridens
67,actebia praecox
68,actinotia polyodon
69,adaina microdactyla
70,adela croesella
71,adela cuprella
72,adela reaumurella
73,adela violella
74,adoxophyes orana
75,adscita geryon
76,adscita statices
77,aedia leucomelas
78,aethalura punctulata
79,aethes beatricella
80,aethes bilbaensis
81,aethes cnicana
82,aethes dilucidana
83,aethes flagellana
84,aethes francillana
85,aethes hartmanniana
86,aethes margaritana
87,aethes piercei
88,aethes rubigana
89,aethes rutilana
90,aethes smeathmanniana
91,aethes tesserana
92,aethes triangulana
93,aethes williana
94,agapeta hamana
95,agapeta zoegana
96,agdistis bennetii
97,aglia tau
98,aglossa caprealis
99,aglossa pinguinalis
100,agnathosia mendicella
101,agnoea flavifrontella
102,agonopterix alstromeriana
103,agonopterix angelicella
104,agonopterix arenella
105,agonopterix assimilella
106,agonopterix ciliella
107,agonopterix cnicella
108,agonopterix conterminella
109,agonopterix curvipunctosa
110,agonopterix heracliana
111,agonopterix kaekeritziana
112,agonopterix laterella
113,agonopterix liturosa
114,agonopterix nanatella
115,agonopterix nervosa
116,agonopterix ocellana
117,agonopterix oinochroa
118,agonopterix pallorella
119,agonopterix propinquella
120,agonopterix purpurea
121,agonopterix scopariella
122,agonopterix subpropinquella
123,agonopterix umbellana
124,agonopterix yeatiana
125,agriopis aurantiaria
126,agriopis leucophaearia
127,agriopis marginaria
128,agriphila deliella
129,agriphila geniculea
130,agriphila inquinatella
131,agriphila latistria
132,agriphila selasella
133,agriphila straminella
134,agriphila tristella
135,agrius convolvuli
136,agrochola circellaris
137,agrochola haematidea
138,agrochola helvola
139,agrochola litura
140,agrochola lota
141,agrochola lunosa
142,agrochola lychnidis
143,agrochola macilenta
144,agrochola nitida
145,agrochola ruticilla
146,agrotera nemoralis
147,agrotis bigramma
148,agrotis cinerea
149,agrotis clavis
150,agrotis exclamationis
151,agrotis ipsilon
152,agrotis puta
153,agrotis ripae
154,agrotis segetum
155,agrotis trux
156,agrotis vestigialis
157,alabonia geoffrella
158,alcis deversata
159,alcis jubata
160,alcis repandata
161,aleimma loeflingiana
162,aleucis distinctata
163,alloclemensia mesospilella
164,allophyes oxyacanthae
165,alsophila aceraria
166,alsophila aescularia
167,altenia scriptella
168,alucita grammodactyla
169,alucita hexadactyla
170,amata phegea
171,amblyptilia acanthadactyla
172,amblyptilia punctidactyla
173,ammoconia caecimacula
174,amphipoea fucosa
175,amphipoea lucens
176,amphipoea oculea
177,amphipyra berbera
178,amphipyra perflua
179,amphipyra pyramidea
180,amphipyra tragopoginis
181,amphisbatis incongruella
182,amyelois transitella
183,anacampsis blattariella
184,anacampsis populella
185,anacampsis temerella
186,anania coronata
187,anania crocealis
188,anania funebris
189,anania fuscalis
190,anania hortulata
191,anania lancealis
192,anania perlucidalis
193,anania stachydalis
194,anania terrealis
195,anania verbascalis
196,anaplectoides prasina
197,anarsia innoxiella
198,anarsia lineatella
199,anarsia spartiella
200,anarta melanopa
201,anarta myrtilli
202,anarta trifolii
203,ancylis achatana
204,ancylis apicella
205,ancylis badiana
206,ancylis comptana
207,ancylis diminutana
208,ancylis geminana
209,ancylis laetana
210,ancylis mitterbacheriana
211,ancylis myrtillana
212,ancylis obtusana
213,ancylis paludana
214,ancylis subarcuana
215,ancylis tineana
216,ancylis uncella
217,ancylis unculana
218,ancylis unguicella
219,ancylis upupana
220,ancylolomia tentaculella
221,ancylosis oblitella
222,anerastia lotella
223,angerona prunaria
224,anorthoa munda
225,anthophila fabriciana
226,anticlea badiata
227,anticlea derivata
228,anticollix sparsata
229,antigastra catalaunalis
230,antispila metallella
231,antispila treitschkiella
232,antitype chi
233,apamea anceps
234,apamea aquila
235,apamea crenata
236,apamea epomidion
237,apamea furva
238,apamea illyria
239,apamea lateritia
240,apamea lithoxylaea
241,apamea monoglypha
242,apamea oblonga
243,apamea remissa
244,apamea scolopacina
245,apamea sordens
246,apamea sublustris
247,apamea unanimis
248,apamea zeta
249,apeira syringaria
250,aphantopus hyperantus
251,aphelia ferugana
252,aphelia paleana
253,aphelia viburnana
254,aphomia sociella
255,aphomia zelleri
256,aplasta ononaria
257,aplocera efformata
258,aplocera plagiata
259,aplota palpella
260,apocheima hispidaria
261,apoda limacodes
262,apodia bifractella
263,apomyelois bistriatella
264,apomyelois ceratoniae
265,aporophyla australis
266,aporophyla lueneburgensis
267,aporophyla lutulenta
268,aporophyla nigra
269,apotomis betuletana
270,apotomis capreana
271,apotomis infida
272,apotomis lineana
273,apotomis sauciana
274,apotomis semifasciana
275,apotomis sororculana
276,apotomis turbidana
277,aproaerema anthyllidella
278,aproaerema captivella
279,aproaerema cinctella
280,aproaerema larseniella
281,aproaerema taeniolella
282,aproaerema vinella
283,apterogenum ypsillon
284,apterona helicoidella
285,archanara dissoluta
286,archanara neurica
287,archiearis parthenias
288,archips betulana
289,archips crataegana
290,archips oporana
291,archips podana
292,archips rosana
293,archips xylosteana
294,arctia caja
295,arctia festiva
296,arctia villica
297,arctornis l-nigrum
298,arenostola phragmitidis
299,argolamprotes micella
300,argyresthia abdominalis
301,argyresthia albistria
302,argyresthia arceuthina
303,argyresthia aurulentella
304,argyresthia bergiella
305,argyresthia bonnetella
306,argyresthia brockeella
307,argyresthia buvati
308,argyresthia conjugella
309,argyresthia cupressella
310,argyresthia curvella
311,argyresthia dilectella
312,argyresthia fundella
313,argyresthia glabratella
314,argyresthia glaucinella
315,argyresthia goedartella
316,argyresthia illuminatella
317,argyresthia laevigatella
318,argyresthia praecocella
319,argyresthia pruniella
320,argyresthia pulchella
321,argyresthia pygmaeella
322,argyresthia reticulata
323,argyresthia retinella
324,argyresthia semifusca
325,argyresthia semitestacella
326,argyresthia sorbiella
327,argyresthia spinosella
328,argyresthia thuiella
329,argyresthia trifasciata
330,argyroploce arbutella
331,argyroploce externa
332,argyrotaenia ljungiana
333,aristotelia brizella
334,aristotelia ericinella
335,aristotelia subdecurtella
336,aroga velocella
337,aspilapteryx tringipennella
338,aspitates gilvaria
339,aspitates ochrearia
340,assara terebrella
341,asteroscopus sphinx
342,asthena albulata
343,asthena anseraria
344,atemelia torquatella
345,atethmia centrago
346,athetis gluteosa
347,athetis hospes
348,athetis pallustris
349,athrips mouffetella
350,athrips pruinosella
351,athrips rancidella
352,atolmis rubricollis
353,atralata albofascialis
354,atremaea lonchoptera
355,autographa bractea
356,autographa gamma
357,autographa jota
358,autographa pulchrina
359,axylia putris
360,bacotia claustrella
361,bactra furfurana
362,bactra lacteana
363,bactra lancealana
364,bactra robustana
365,bactra suedana
366,bankesia conspurcatella
367,batia internella
368,batia lambdella
369,batia lunaris
370,batrachedra pinicolella
371,batrachedra praeangusta
372,bedellia somnulentella
373,bembecia ichneumoniformis
374,bena bicolorana
375,bisigna procerella
376,biston betularia
377,biston strataria
378,blastobasis adustella
379,blastobasis glandulella
380,blastobasis lacticolella
381,blastobasis pannonica
382,blastobasis phycidella
383,blastodacna atra
384,blastodacna hellerella
385,bohemannia auriciliella
386,bohemannia pulverosella
387,bohemannia quadrimaculella
388,borkhausenia fuscescens
389,borkhausenia luridicomella
390,borkhausenia minutella
391,borkhausenia nefrax
392,boudinotiana notha
393,brachionycha nubeculosa
394,brachmia blandella
395,brachmia dimidiella
396,brachmia inornatella
397,brachylomia viminalis
398,bryophila domestica
399,bryophila raptricula
400,bryotropha affinis
401,bryotropha basaltinella
402,bryotropha desertella
403,bryotropha domestica
404,bryotropha galbanella
405,bryotropha politella
406,bryotropha senectella
407,bryotropha similis
408,bryotropha terrella
409,bryotropha umbrosella
410,bucculatrix ainsliella
411,bucculatrix albedinella
412,bucculatrix bechsteinella
413,bucculatrix cidarella
414,bucculatrix cristatella
415,bucculatrix demaryella
416,bucculatrix frangutella
417,bucculatrix maritima
418,bucculatrix nigricomella
419,bucculatrix noltei
420,bucculatrix thoracella
421,bucculatrix ulmella
422,bucculatrix ulmifoliae
423,buckleria paludum
424,bupalus piniaria
425,buszkoiana capnodactylus
426,cabera exanthemata
427,cabera pusaria
428,cacoecimorpha pronubana
429,cactoblastis cactorum
430,cadra calidella
431,cadra cautella
432,cadra figulilella
433,calamia tridens
434,calamotropha paludella
435,calliergis ramosa
436,callimorpha dominula
437,callisto denticulella
438,calliteara pudibunda
439,callopistria juventina
440,calophasia lunula
441,caloptilia alchimiella
442,caloptilia azaleella
443,caloptilia betulicola
444,caloptilia cuculipennella
445,caloptilia elongella
446,caloptilia falconipennella
447,caloptilia fidella
448,caloptilia hemidactylella
449,caloptilia honoratella
450,caloptilia populetorum
451,caloptilia robustella
452,caloptilia roscipennella
453,caloptilia rufipennella
454,caloptilia semifascia
455,caloptilia stigmatella
456,caloptilia suberinella
457,caloptilia syringella
458,calybites phasianipennella
459,cameraria ohridella
460,campaea margaritaria
461,camptogramma bilineata
462,canephora hirsuta
463,capperia britanniodactylus
464,capua vulgana
465,caradrina clavipalpis
466,caradrina gilva
467,caradrina kadenii
468,caradrina morpheus
469,caradrina selini
470,carcina quercana
471,carpatolechia aenigma
472,carpatolechia alburnella
473,carpatolechia decorella
474,carpatolechia fugacella
475,carpatolechia fugitivella
476,carpatolechia notatella
477,carpatolechia proximella
478,carsia sororiata
479,caryocolum alsinella
480,caryocolum blandella
481,caryocolum blandulella
482,caryocolum cauligenella
483,caryocolum fischerella
484,caryocolum fraternella
485,caryocolum kroesmanniella
486,caryocolum marmorea
487,caryocolum proxima
488,caryocolum tricolorella
489,cataclysme riguata
490,cataclysta lemnata
491,catarhoe cuculata
492,catarhoe rubidata
493,catephia alchymista
494,catocala electa
495,catocala elocata
496,catocala fraxini
497,catocala nupta
498,catocala nymphagoga
499,catocala promissa
500,catocala sponsa
501,catoptria falsella
502,catoptria fulgidella
503,catoptria furcatellus
504,catoptria lythargyrella
505,catoptria margaritella
506,catoptria osthelderi
507,catoptria permutatellus
508,catoptria pinella
509,catoptria verellus
510,cauchas fibulella
511,cauchas rufimitrella
512,cedestis gysseleniella
513,cedestis subfasciella
514,celaena haworthii
515,celastrina argiolus
516,celypha aurofasciana
517,celypha cespitana
518,celypha lacunana
519,celypha rivulana
520,celypha rosaceana
521,celypha rufana
522,celypha rurestrana
523,celypha siderana
524,celypha striana
525,celypha tiedemanniana
526,cepphis advenaria
527,ceramica pisi
528,cerapteryx graminis
529,cerastis leucographa
530,cerastis rubricosa
531,cerura erminea
532,cerura vinula
533,chamaesphecia empiformis
534,chamaesphecia tenthrediniformis
535,charanyca ferruginea
536,charanyca trigrammica
537,chariaspilates formosaria
538,charissa obscurata
539,chesias legatella
540,chesias rufata
541,chiasmia clathrata
542,chilo phragmitella
543,chilodes maritima
544,chionodes continuella
545,chionodes distinctella
546,chionodes electella
547,chionodes fumatella
548,chionodes tragicella
549,chloantha hyperici
550,chlorissa viridata
551,chloroclysta miata
552,chloroclysta siterata
553,chloroclystis v-ata
554,choreutis nemorana
555,choreutis pariana
556,choristoneura diversana
557,choristoneura hebenstreitella
558,choristoneura lafauryana
559,choristoneura murinana
560,chrysoclista lathamella
561,chrysoclista linneella
562,chrysodeixis chalcites
563,chrysoesthia drurella
564,chrysoesthia sexguttella
565,chrysoteuchia culmella
566,cidaria fulvata
567,cilix glaucata
568,cirrhia gilvago
569,cirrhia icteritia
570,cirrhia ocellaris
571,clavigesta purdeyi
572,clavigesta sylvestrana
573,cleora cinctaria
574,cleorodes lichenaria
575,clepsis consimilana
576,clepsis dumicolana
577,clepsis neglectana
578,clepsis pallidana
579,clepsis peritana
580,clepsis rurinana
581,clepsis senecionana
582,clepsis spectrana
583,clostera anachoreta
584,clostera anastomosis
585,clostera curtula
586,clostera pigra
587,cnaemidophorus rhododactyla
588,cnephasia asseclana
589,cnephasia communana
590,cnephasia conspersana
591,cnephasia genitalana
592,cnephasia incertana
593,cnephasia longana
594,cnephasia pasiuana
595,cnephasia pumicana
596,cnephasia sedana
597,cnephasia stephensiana
598,cochylidia heydeniana
599,cochylidia implicitana
600,cochylidia richteriana
601,cochylidia rupicola
602,cochylimorpha alternana
603,cochylimorpha straminea
604,cochylis atricapitana
605,cochylis dubitana
606,cochylis flaviciliana
607,cochylis hybridella
608,cochylis molliculana
609,cochylis nana
610,cochylis pallidana
611,cochylis posterana
612,cochylis roseana
613,coenobia rufa
614,coenocalpe lapidata
615,coenophila subrosea
616,coleophora adjunctella
617,coleophora adspersella
618,coleophora ahenella
619,coleophora albicans
620,coleophora albicosta
621,coleophora albicostella
622,coleophora albidella
623,coleophora albitarsella
624,coleophora alcyonipennella
625,coleophora alnifoliae
626,coleophora alticolella
627,coleophora anatipennella
628,coleophora argentula
629,coleophora artemisicolella
630,coleophora badiipennella
631,coleophora betulella
632,coleophora binderella
633,coleophora bornicensis
634,coleophora caelebipennella
635,coleophora caespititiella
636,coleophora calycotomella
637,coleophora chalcogrammella
638,coleophora clypeiferella
639,coleophora conspicuella
640,coleophora conyzae
641,coleophora coracipennella
642,coleophora coronillae
643,coleophora currucipennella
644,coleophora deauratella
645,coleophora discordella
646,coleophora ditella
647,coleophora flavipennella
648,coleophora follicularis
649,coleophora fuscocuprella
650,coleophora galbulipennella
651,coleophora gallipennella
652,coleophora genistae
653,coleophora glaucicolella
654,coleophora glitzella
655,coleophora graminicolella
656,coleophora granulatella
657,coleophora gryphipennella
658,coleophora hemerobiella
659,coleophora hydrolapathella
660,coleophora ibipennella
661,coleophora juncicolella
662,coleophora kuehnella
663,coleophora laricella
664,coleophora limoniella
665,coleophora limosipennella
666,coleophora lineolea
667,coleophora lithargyrinella
668,coleophora lixella
669,coleophora lusciniaepennella
670,coleophora lutarea
671,coleophora lutipennella
672,coleophora mayrella
673,coleophora milvipennis
674,coleophora niveicostella
675,coleophora obscenella
676,coleophora ochrea
677,coleophora ochripennella
678,coleophora orbitella
679,coleophora otidipennella
680,coleophora paripennella
681,coleophora pennella
682,coleophora peribenanderi
683,coleophora potentillae
684,coleophora prunifoliae
685,coleophora pyrrhulipennella
686,coleophora salicorniae
687,coleophora saponariella
688,coleophora saturatella
689,coleophora saxicolella
690,coleophora serpylletorum
691,coleophora serratella
692,coleophora siccifolia
693,coleophora solitariella
694,coleophora spinella
695,coleophora spiraeella
696,coleophora squalorella
697,coleophora sternipennella
698,coleophora striatipennella
699,coleophora sylvaticella
700,coleophora taeniipennella
701,coleophora tamesis
702,coleophora tanaceti
703,coleophora therinella
704,coleophora tricolor
705,coleophora trifolii
706,coleophora trigeminella
707,coleophora trochilella
708,coleophora vacciniella
709,coleophora versurella
710,coleophora vestianella
711,coleophora vibicella
712,coleophora violacea
713,coleophora vitisella
714,coleophora zelleriella
715,colobochyla salicalis
716,colocasia coryli
717,colostygia multistrigaria
718,colostygia olivata
719,colostygia pectinataria
720,colotois pennaria
721,comibaena bajularia
722,common white
723,commophila aeneana
724,conistra erythrocephala
725,conistra ligula
726,conistra rubiginea
727,conistra rubiginosa
728,conistra vaccinii
729,coptotriche angusticollella
730,coptotriche heinemanni
731,coptotriche marginea
732,coranarta cordigera
733,corcyra cephalonica
734,coscinia cribraria
735,coscinia striata
736,cosmardia moritzella
737,cosmia affinis
738,cosmia diffinis
739,cosmia pyralina
740,cosmia trapezina
741,cosmopterix lienigiella
742,cosmopterix orichalcea
743,cosmopterix pulchrimella
744,cosmopterix scribaiella
745,cosmopterix zieglerella
746,cosmorhoe ocellata
747,cossus cossus
748,costaconvexa polygrammata
749,crambus ericella
750,crambus hamella
751,crambus lathoniellus
752,crambus pascuella
753,crambus perlella
754,crambus pratella
755,crambus silvella
756,crambus uliginosellus
757,craniophora ligustri
758,crassa tinctella
759,crassa unitella
760,crassicornella agenjoi
761,crocallis elinguaria
762,crocidosema plebejana
763,crombrugghia distans
764,crombrugghia laetus
765,cryphia algae
766,crypsedra gemmea
767,cryptoblabes bistriga
768,cryptoblabes gnidiella
769,cucullia absinthii
770,cucullia artemisiae
771,cucullia asteris
772,cucullia chamomillae
773,cucullia lychnitis
774,cucullia scrophulariae
775,cucullia umbratica
776,cucullia verbasci
777,cybosia mesomella
778,cyclophora albipunctata
779,cyclophora annularia
780,cyclophora linearia
781,cyclophora pendularia
782,cyclophora porata
783,cyclophora punctaria
784,cyclophora puppillaria
785,cyclophora quercimontaria
786,cyclophora ruficiliaria
787,cydalima perspectalis
788,cydia amplana
789,cydia conicolana
790,cydia coniferana
791,cydia cosmophorana
792,cydia duplicana
793,cydia fagiglandana
794,cydia grunertiana
795,cydia illutana
796,cydia indivisa
797,cydia inquinatana
798,cydia interscindana
799,cydia microgrammana
800,cydia nigricana
801,cydia pactolana
802,cydia pomonella
803,cydia servillana
804,cydia splendana
805,cydia strobilella
806,cydia succedana
807,cydia ulicetana
808,cydia zebeana
809,cymatophorina diluta
810,cymolomia hartigiana
811,cynaeda dentalis
812,dactylotula kinkerella
813,dahlica lichenella
814,dahlica sauteri
815,dahlica triquetrella
816,daphnis nerii
817,dasycera oliviella
818,dasypolia templi
819,dasystoma salicella
820,deilephila elpenor
821,deilephila porcellus
822,deileptenia ribeata
823,delplanqueia dilutella
824,deltote bankiana
825,deltote deceptoria
826,deltote pygarga
827,deltote uncula
828,dendrolimus pini
829,denisia albimaculea
830,denisia augustella
831,denisia similella
832,denisia stipella
833,denticucullus pygmina
834,depressaria albipunctella
835,depressaria badiella
836,depressaria chaerophylli
837,depressaria daucella
838,depressaria depressana
839,depressaria discipunctella
840,depressaria douglasella
841,depressaria emeritella
842,depressaria olerella
843,depressaria pimpinellae
844,depressaria pulcherrimella
845,depressaria radiella
846,depressaria sordidatella
847,depressaria ultimella
848,diachrysia chrysitis
849,diachrysia chryson
850,diachrysia stenochrysis
851,diacrisia purpurata
852,diacrisia sannio
853,dialectica imperialella
854,diaphania perspectalis
855,diaphora mendica
856,diarsia brunnea
857,diarsia dahlii
858,diarsia florida
859,diarsia mendica
860,diarsia rubi
861,diasemia reticularis
862,diasemiopsis ramburialis
863,dicallomera fascelina
864,dichelia histrionana
865,dichomeris alacella
866,dichomeris derasella
867,dichomeris marginella
868,dichomeris ustalella
869,dichonia aprilina
870,dichonioxa tenebrosa
871,dichrorampha acuminatana
872,dichrorampha aeratana
873,dichrorampha agilana
874,dichrorampha alpinana
875,dichrorampha consortana
876,dichrorampha flavidorsana
877,dichrorampha montanana
878,dichrorampha obscuratana
879,dichrorampha petiverella
880,dichrorampha plumbagana
881,dichrorampha plumbana
882,dichrorampha sedatana
883,dichrorampha sequana
884,dichrorampha simpliciana
885,dichrorampha sylvicolana
886,dichrorampha vancouverana
887,dicycla oo
888,digitivalva arnicella
889,digitivalva pulicariae
890,digitivalva valeriella
891,diloba caeruleocephala
892,dioryctria abietella
893,dioryctria schuetzeella
894,dioryctria simplicella
895,dioryctria sylvestrella
896,diplodoma laichartingella
897,diplopseustis perieresalis
898,ditula angustiorana
899,diurnea fagella
900,diurnea lipsiella
901,dolicharthria punctalis
902,donacaula forficella
903,donacaula mucronella
904,drepana curvatula
905,drepana falcataria
906,dryadaula heindeli
907,dryadaula pactolia
908,drymonia dodonaea
909,drymonia obliterata
910,drymonia querna
911,drymonia ruficornis
912,drymonia velitaris
913,dryobota labecula
914,dryobotodes eremita
915,duponchelia fovealis
916,dypterygia scabriuscula
917,dysauxes ancilla
918,dyscia fagaria
919,dyseriocrania subpurpurella
920,dysgonia algira
921,dysstroma citrata
922,dysstroma truncata
923,eana argentana
924,eana incanana
925,eana osseana
926,eana penziana
927,earias clorana
928,earias insulana
929,earias vernana
930,earias vittella
931,earophila badiata
932,eccopisa effractella
933,ecliptopera capitata
934,ecliptopera silaceata
935,ectoedemia albifasciella
936,ectoedemia angulifasciella
937,ectoedemia arcuatella
938,ectoedemia argyropeza
939,ectoedemia atricollis
940,ectoedemia atrifrontella
941,ectoedemia decentella
942,ectoedemia erythrogenella
943,ectoedemia hannoverella
944,ectoedemia heringella
945,ectoedemia heringi
946,ectoedemia intimella
947,ectoedemia longicaudella
948,ectoedemia louisella
949,ectoedemia minimella
950,ectoedemia occultella
951,ectoedemia quinquella
952,ectoedemia rubivora
953,ectoedemia septembrella
954,ectoedemia spinosella
955,ectoedemia subbimaculella
956,ectoedemia turbidella
957,ectoedemia weaveri
958,ectropis crepuscularia
959,egira conspicillaris
960,eidophasia messingiella
961,eilema caniola
962,eilema complana
963,eilema depressa
964,eilema griseola
965,eilema lurideola
966,eilema lutarella
967,eilema pygmaeola
968,eilema sororcula
969,elachista adscitella
970,elachista albidella
971,elachista albifrontella
972,elachista alpinella
973,elachista apicipunctella
974,elachista argentella
975,elachista atricomella
976,elachista biatomella
977,elachista bifasciella
978,elachista bisulcella
979,elachista canapennella
980,elachista chrysodesmella
981,elachista consortella
982,elachista dispilella
983,elachista distigmatella
984,elachista eleochariella
985,elachista exactella
986,elachista freyerella
987,elachista gangabella
988,elachista geminatella
989,elachista gleichenella
990,elachista humilis
991,elachista kilmunella
992,elachista lastrella
993,elachista luticomella
994,elachista maculicerusella
995,elachista metella
996,elachista nobilella
997,elachista orstadii
998,elachista poae
999,elachista pollinariella
1000,elachista pomerana
1001,elachista pullicomella
1002,elachista rufocinerea
1003,elachista scirpi
1004,elachista serricornis
1005,elachista stabilella
1006,elachista subalbidella
1007,elachista subnigrella
1008,elachista subocellea
1009,elachista triatomea
1010,elachista utonella
1011,elaphria venustula
1012,electrophaes corylata
1013,elegia similella
1014,elophila nymphaeata
1015,elophila rivulalis
1016,ematurga atomaria
1017,emmelina monodactyla
1018,enargia paleacea
1019,enarmonia formosana
1020,endothenia ericetana
1021,endothenia gentianaeana
1022,endothenia marginana
1023,endothenia nigricostana
1024,endothenia oblongana
1025,endothenia pullana
1026,endothenia quadrimaculana
1027,endothenia ustulana
1028,endotricha flammealis
1029,endromis versicolora
1030,endrosis sarcitrella
1031,ennomos alniaria
1032,ennomos autumnaria
1033,ennomos erosaria
1034,ennomos fuscantaria
1035,ennomos quercinaria
1036,entephria caesiata
1037,entephria flavicinctata
1038,enteucha acetosae
1039,epagoge grotiana
1040,epermenia aequidentellus
1041,epermenia chaerophyllella
1042,epermenia falciformis
1043,epermenia illigerella
1044,ephestia elutella
1045,ephestia kuehniella
1046,ephestia parasitella
1047,ephestia unicolorella
1048,epiblema cirsiana
1049,epiblema costipunctana
1050,epiblema foenella
1051,epiblema grandaevana
1052,epiblema graphana
1053,epiblema hepaticana
1054,epiblema scutulana
1055,epiblema sticticana
1056,epiblema turbidana
1057,epiblema uddmanniana
1058,epicallima formosella
1059,epichnopterix plumella
1060,epichoristodes acerbella
1061,epinotia abbreviana
1062,epinotia bilunana
1063,epinotia brunnichana
1064,epinotia caprana
1065,epinotia cinereana
1066,epinotia cruciana
1067,epinotia demarniana
1068,epinotia fraternana
1069,epinotia granitana
1070,epinotia immundana
1071,epinotia maculana
1072,epinotia nanana
1073,epinotia nigricana
1074,epinotia nisella
1075,epinotia pusillana
1076,epinotia pygmaeana
1077,epinotia ramella
1078,epinotia rubiginosana
1079,epinotia signatana
1080,epinotia solandriana
1081,epinotia sordidana
1082,epinotia subocellana
1083,epinotia subsequana
1084,epinotia tedella
1085,epinotia tenerana
1086,epinotia tetraquetrana
1087,epinotia thapsiana
1088,epinotia trigonella
1089,epione repandaria
1090,epione vespertaria
1091,epiphyas postvittana
1092,epirrhoe alternata
1093,epirrhoe galiata
1094,epirrhoe molluginata
1095,epirrhoe rivata
1096,epirrhoe tristata
1097,epirrita autumnata
1098,epirrita christyi
1099,epirrita dilutata
1100,epirrita filigrammaria
1101,epischnia prodromella
1102,erannis defoliaria
1103,eratophyes amasiella
1104,eremobia ochroleuca
1105,eriocrania cicatricella
1106,eriocrania salopiella
1107,eriocrania sangii
1108,eriocrania semipurpurella
1109,eriocrania sparrmannella
1110,eriocrania unimaculella
1111,eriogaster catax
1112,eriogaster lanestris
1113,eriopsela quadrana
1114,esperia sulphurella
1115,etainia decentella
1116,etainia louisella
1117,etainia sericopeza
1118,ethmia bipunctella
1119,ethmia dodecea
1120,ethmia quadrillella
1121,ethmia terminella
1122,etiella zinckenella
1123,eublemma ostrina
1124,eublemma parva
1125,eublemma purpurina
1126,eucarta virgo
1127,euchoeca nebulata
1128,euchromius cambridgei
1129,euchromius ocellea
1130,euclidia glyphica
1131,euclidia mi
1132,eucosma aemulana
1133,eucosma aspidiscana
1134,eucosma balatonana
1135,eucosma campoliliana
1136,eucosma cana
1137,eucosma conterminana
1138,eucosma hohenwartiana
1139,eucosma lacteana
1140,eucosma metzneriana
1141,eucosma obumbratana
1142,eucosma pupillana
1143,eucosma rubescana
1144,eucosma tripoliana
1145,eucosma wimmerana
1146,eucosmomorpha albersana
1147,eudarcia pagenstecherella
1148,eudemis porphyrana
1149,eudemis profundana
1150,eudonia alpina
1151,eudonia angustea
1152,eudonia delunella
1153,eudonia lacustrata
1154,eudonia lineola
1155,eudonia mercurella
1156,eudonia murana
1157,eudonia pallida
1158,eudonia truncicolella
1159,eugnorisma glareosa
1160,eugraphe sigma
1161,eulamprotes atrella
1162,eulamprotes superbella
1163,eulamprotes unicolorella
1164,eulamprotes wilkella
1165,eulia ministrana
1166,eulithis mellinata
1167,eulithis populata
1168,eulithis prunata
1169,eulithis pyraliata
1170,eulithis testata
1171,euphyia biangulata
1172,euphyia frustata
1173,euphyia unangulata
1174,eupithecia abbreviata
1175,eupithecia abietaria
1176,eupithecia absinthiata
1177,eupithecia analoga
1178,eupithecia assimilata
1179,eupithecia centaureata
1180,eupithecia denotata
1181,eupithecia dodoneata
1182,eupithecia egenaria
1183,eupithecia exiguata
1184,eupithecia expallidata
1185,eupithecia haworthiata
1186,eupithecia icterata
1187,eupithecia impurata
1188,eupithecia indigata
1189,eupithecia innotata
1190,eupithecia insigniata
1191,eupithecia intricata
1192,eupithecia inturbata
1193,eupithecia irriguata
1194,eupithecia lanceata
1195,eupithecia laquaearia
1196,eupithecia lariciata
1197,eupithecia linariata
1198,eupithecia millefoliata
1199,eupithecia nanata
1200,eupithecia phoeniceata
1201,eupithecia pimpinellata
1202,eupithecia plumbeolata
1203,eupithecia pulchellata
1204,eupithecia pusillata
1205,eupithecia pygmaeata
1206,eupithecia satyrata
1207,eupithecia selinata
1208,eupithecia simpliciata
1209,eupithecia sinuosaria
1210,eupithecia subfuscata
1211,eupithecia subumbrata
1212,eupithecia succenturiata
1213,eupithecia tantillaria
1214,eupithecia tenuiata
1215,eupithecia tripunctaria
1216,eupithecia trisignaria
1217,eupithecia ultimaria
1218,eupithecia valerianata
1219,eupithecia venosata
1220,eupithecia virgaureata
1221,eupithecia vulgata
1222,euplagia quadripunctaria
1223,euplexia lucipara
1224,euplocamus anthracinalis
1225,eupoecilia ambiguella
1226,eupoecilia angustana
1227,eupoecilia sanguisorbana
1228,euproctis chrysorrhoea
1229,euproctis similis
1230,eupsilia transversa
1231,eurois occulta
1232,european corn
1233,eurrhypis pollinalis
1234,eusphecia melanocephala
1235,euspilapteryx auroguttella
1236,euthrix potatoria
1237,euxoa aquilina
1238,euxoa cursoria
1239,euxoa nigricans
1240,euxoa obelisca
1241,euxoa tritici
1242,euzophera cinerosella
1243,euzophera fuliginosella
1244,euzophera osseatella
1245,euzophera pinguis
1246,evergestis aenealis
1247,evergestis extimalis
1248,evergestis forficalis
1249,evergestis limbata
1250,evergestis pallidata
1251,exaeretia allisella
1252,exapate congelatella
1253,exoteleia dodecella
1254,fabula zollikoferi
1255,fagivorina arenaria
1256,falcaria lacertinaria
1257,falseuncaria ruficiliana
1258,friedlanderia cicatricella
1259,furcula bicuspis
1260,furcula bifida
1261,furcula furcula
1262,gagitodes sagittata
1263,galleria mellonella
1264,gandaritis pyraliata
1265,gastropacha populifolia
1266,gastropacha quercifolia
1267,gelechia hippophaella
1268,gelechia muscosella
1269,gelechia nigra
1270,gelechia rhombella
1271,gelechia rhombelliformis
1272,gelechia sabinellus
1273,gelechia scotinella
1274,gelechia senticetella
1275,gelechia sororculella
1276,gelechia turpella
1277,geometra papilionaria
1278,gerinia honoraria
1279,gibberifera simplana
1280,gillmeria ochrodactyla
1281,gillmeria pallidactyla
1282,glacies coracina
1283,glaucolepis headleyella
1284,globia algae
1285,globia sparganii
1286,gluphisia crenata
1287,glyphipterix bergstraesserella
1288,glyphipterix equitella
1289,glyphipterix forsterella
1290,glyphipterix fuscoviridella
1291,glyphipterix haworthana
1292,glyphipterix schoenicolella
1293,glyphipterix simpliciella
1294,glyphipterix thrasonella
1295,glyptoteles leucacrinella
1296,gnophos furvata
1297,gnorimoschema herbichii
1298,gortyna borelii
1299,gortyna flavago
1300,gracillaria syringella
1301,graphiphora augur
1302,grapholita compositella
1303,grapholita discretana
1304,grapholita funebrana
1305,grapholita gemmiferana
1306,grapholita internana
1307,grapholita janthinana
1308,grapholita jungiella
1309,grapholita lathyrana
1310,grapholita lobarzewskii
1311,grapholita lunulana
1312,grapholita molesta
1313,grapholita orobana
1314,grapholita tenebrosana
1315,gravitarmata margarotana
1316,griposia aprilina
1317,gymnancyla canella
1318,gymnoscelis rufifasciata
1319,gynaephora fascelina
1320,gynnidomorpha alismana
1321,gynnidomorpha minimana
1322,gynnidomorpha permixtana
1323,gynnidomorpha vectisana
1324,gypsonoma aceriana
1325,gypsonoma dealbana
1326,gypsonoma minutana
1327,gypsonoma nitidulana
1328,gypsonoma oppressana
1329,gypsonoma sociana
1330,habrosyne pyritoides
1331,hada plebeja
1332,hadena albimacula
1333,hadena bicruris
1334,hadena compta
1335,hadena confusa
1336,hadena irregularis
1337,hadena perplexa
1338,haplotinea ditella
1339,haplotinea insectella
1340,harpella forficella
1341,harpyia milhauseri
1342,hecatera bicolorata
1343,hecatera dysodea
1344,hedya nubiferana
1345,hedya ochroleucana
1346,hedya pruniana
1347,hedya salicella
1348,heinemannia festivella
1349,helcystogramma lutatella
1350,helcystogramma rufescens
1351,helicoverpa armigera
1352,heliodines roesella
1353,heliophobus reticulata
1354,heliothela wulfeniana
1355,heliothis maritima
1356,heliothis nubigera
1357,heliothis peltigera
1358,heliothis viriplaca
1359,heliozela hammoniella
1360,heliozela resplendella
1361,heliozela sericiella
1362,hellinsia carphodactyla
1363,hellinsia didactylites
1364,hellinsia distinctus
1365,hellinsia lienigianus
1366,hellinsia osteodactylus
1367,hellinsia tephradactyla
1368,hellula undalis
1369,helotropha leucostigma
1370,hemaris fuciformis
1371,hemaris tityus
1372,hemistola chrysoprasaria
1373,hemithea aestivaria
1374,hepialus humuli
1375,heringocrania unimaculella
1376,herminia grisealis
1377,herminia tarsicrinalis
1378,herminia tarsipennalis
1379,heterogenea asella
1380,hippotion celerio
1381,hofmannophila pseudospretella
1382,homoeosoma nebulella
1383,homoeosoma nimbella
1384,homoeosoma sinuella
1385,hoplodrina ambigua
1386,hoplodrina blanda
1387,hoplodrina octogenaria
1388,hoplodrina respersa
1389,horisme aquata
1390,horisme radicaria
1391,horisme tersata
1392,horisme vitalbata
1393,hydraecia micacea
1394,hydraecia petasitis
1395,hydrelia flammeolaria
1396,hydrelia sylvata
1397,hydria cervinalis
1398,hydria undulata
1399,hydriomena furcata
1400,hydriomena impluviata
1401,hydriomena ruberata
1402,hylaea fasciaria
1403,hyles euphorbiae
1404,hyles gallii
1405,hyles livornica
1406,hypatima rhomboidella
1407,hypatopa binotella
1408,hypatopa inunctella
1409,hypena crassalis
1410,hypena obesalis
1411,hypena obsitalis
1412,hypena proboscidalis
1413,hypena rostralis
1414,hypenodes humidalis
1415,hypochalcia ahenella
1416,hypomecis punctinalis
1417,hypomecis roboraria
1418,hyppa rectilinea
1419,hypsopygia costalis
1420,hypsopygia glaucinalis
1421,hysterophora maculosana
1422,idaea aversata
1423,idaea aversata ab remutata
1424,idaea biselata
1425,idaea contiguaria
1426,idaea degeneraria
1427,idaea dilutaria
1428,idaea dimidiata
1429,idaea emarginata
1430,idaea fuscovenosa
1431,idaea humiliata
1432,idaea inquinata
1433,idaea laevigata
1434,idaea muricata
1435,idaea ochrata
1436,idaea rusticata
1437,idaea seriata
1438,idaea straminata
1439,idaea subsericeata
1440,idaea sylvestraria
1441,idaea trigeminata
1442,idia calvaria
1443,incurvaria koerneriella
1444,incurvaria masculella
1445,incurvaria oehlmanniella
1446,incurvaria pectinea
1447,incurvaria praelatella
1448,infurcitinea argentimaculella
1449,infurcitinea ignicomella
1450,infurcitinea teriolella
1451,ipimorpha retusa
1452,ipimorpha subtusa
1453,isophrictis anthemidella
1454,isophrictis striatella
1455,isotrias rectifasciana
1456,isturgia limbaria
1457,itame brunneata
1458,jodia croceago
1459,jodis lactearia
1460,jodis putata
1461,jordanita globulariae
1462,karsholtia marianii
1463,korscheltellus fusconebulosa
1464,korscheltellus lupulina
1465,lacanobia contigua
1466,lacanobia oleracea
1467,lacanobia splendens
1468,lacanobia suasa
1469,lacanobia thalassina
1470,lacanobia w-latinum
1471,laelia coenosa
1472,lamoria anella
1473,lampronia capitella
1474,lampronia corticella
1475,lampronia flavimitrella
1476,lampronia fuscatella
1477,lampronia luzella
1478,lampronia morosa
1479,lampronia pubicornis
1480,lampropteryx otregiata
1481,lampropteryx suffumata
1482,lamprotes c-aureum
1483,laothoe populi
1484,larentia clavaria
1485,lasiocampa quercus
1486,lasiocampa trifolii
1487,laspeyria flexula
1488,lateroligia ophiogramma
1489,lathronympha strigana
1490,lemonia dumi
1491,lenisa geminipuncta
1492,lepidoptera indet
1493,leucania comma
1494,leucania loreyi
1495,leucania obsoleta
1496,leucania putrescens
1497,leucochlaena oditis
1498,leucodonta bicoloria
1499,leucoma salicis
1500,leucoptera laburnella
1501,leucoptera lustratella
1502,leucoptera malifoliella
1503,leucoptera sinuella
1504,leucoptera spartifoliella
1505,leucospilapteryx omissella
1506,levipalpus hepatariella
1507,ligdia adustata
1508,limnaecia phragmitella
1509,lithophane furcifera
1510,lithophane lamda
1511,lithophane leautieri
1512,lithophane ornitopus
1513,lithophane semibrunnea
1514,lithophane socia
1515,lithosia quadra
1516,lithostege griseata
1517,litoligia literosa
1518,lobesia abscisana
1519,lobesia artemisiana
1520,lobesia botrana
1521,lobesia littoralis
1522,lobesia reliquana
1523,lobophora halterata
1524,lomaspilis marginata
1525,lomographa bimaculata
1526,lomographa temerata
1527,longalatedes elymi
1528,loxostege sticticalis
1529,lozotaenia forsterana
1530,lozotaeniodes formosana
1531,luffia ferchaultella
1532,luperina nickerlii
1533,luperina testacea
1534,luquetia lobella
1535,luteohadena luteago
1536,lycia hirtaria
1537,lycia lapponaria
1538,lycia zonaria
1539,lycophotia molothina
1540,lycophotia porphyrea
1541,lygephila pastinum
1542,lymantria dispar
1543,lymantria monacha
1544,lyonetia clerkella
1545,lyonetia prunifoliella
1546,lypusa maurella
1547,lythria cruentaria
1548,macaria alternata
1549,macaria artesiaria
1550,macaria brunneata
1551,macaria liturata
1552,macaria notata
1553,macaria signaria
1554,macaria wauaria
1555,macdunnoughia confusa
1556,macrochilo cribrumalis
1557,macroglossum stellatarum
1558,macrosaccus robiniella
1559,macrothylacia rubi
1560,malacosoma castrensis
1561,malacosoma neustria
1562,mamestra brassicae
1563,marasmarcha lunaedactyla
1564,matilella fusca
1565,mecyna asinalis
1566,mecyna flavalis
1567,meganola albula
1568,meganola strigula
1569,meganola togatulalis
1570,melanargia galathea
1571,melanchra persicariae
1572,melanchra pisi
1573,melanthia procellata
1574,menophra abruptaria
1575,merrifieldia baliodactylus
1576,merrifieldia leucodactyla
1577,mesapamea didyma
1578,mesapamea secalella
1579,mesapamea secalis
1580,mesogona oxalina
1581,mesoleuca albicillata
1582,mesoligia furuncula
1583,mesotype didymata
1584,metalampra cinnamomea
1585,metalampra italica
1586,metendothenia atropunctana
1587,metriotes lutarea
1588,metzneria aestivella
1589,metzneria aprilella
1590,metzneria lappella
1591,metzneria metzneriella
1592,micropterix aruncella
1593,micropterix aureatella
1594,micropterix calthella
1595,micropterix mansuetella
1596,micropterix osthelderi
1597,micropterix schaefferi
1598,micropterix tunbergella
1599,micrurapteryx kollariella
1600,miltochrista miniata
1601,mimas tiliae
1602,minoa murinata
1603,minucia lunaris
1604,mirificarma eburnella
1605,mirificarma interrupta
1606,mirificarma lentiginosella
1607,mirificarma mulinella
1608,mniotype adusta
1609,mniotype satura
1610,moitrelia obductella
1611,moma alpium
1612,mompha bradleyi
1613,mompha conturbatella
1614,mompha divisella
1615,mompha epilobiella
1616,mompha idaei
1617,mompha jurassicella
1618,mompha lacteella
1619,mompha langiella
1620,mompha locupletella
1621,mompha miscella
1622,mompha ochraceella
1623,mompha propinquella
1624,mompha raschkiella
1625,mompha sturnipennella
1626,mompha subbistrigella
1627,mompha terminella
1628,monochroa arundinetella
1629,monochroa conspersella
1630,monochroa cytisella
1631,monochroa divisella
1632,monochroa elongella
1633,monochroa ferrea
1634,monochroa hornigi
1635,monochroa lucidella
1636,monochroa lutulentella
1637,monochroa palustrellus
1638,monochroa suffusella
1639,monochroa tenebrella
1640,monochroa tetragonella
1641,monopis crocicapitella
1642,monopis fenestratella
1643,monopis imella
1644,monopis laevigella
1645,monopis monachella
1646,monopis neglecta
1647,monopis obviella
1648,monopis weaverella
1649,montescardia tessulatellus
1650,mormo maura
1651,morophaga choragella
1652,musotima nitidalis
1653,myelois circumvoluta
1654,mythimna albipuncta
1655,mythimna conigera
1656,mythimna favicolor
1657,mythimna ferrago
1658,mythimna flammea
1659,mythimna impura
1660,mythimna l-album
1661,mythimna litoralis
1662,mythimna pallens
1663,mythimna pudorina
1664,mythimna sicula
1665,mythimna straminea
1666,mythimna turca
1667,mythimna unipuncta
1668,mythimna vitellina
1669,naenia typica
1670,narycia duplicella
1671,nascia cilialis
1672,nebula salicata
1673,nemapogon clematella
1674,nemapogon cloacella
1675,nemapogon falstriella
1676,nemapogon granella
1677,nemapogon inconditella
1678,nemapogon ruricolella
1679,nemapogon variatella
1680,nemapogon wolffiella
1681,nematopogon adansoniella
1682,nematopogon metaxella
1683,nematopogon pilella
1684,nematopogon robertella
1685,nematopogon schwarziellus
1686,nematopogon swammerdamella
1687,nemaxera betulinella
1688,nemophora congruella
1689,nemophora cupriacella
1690,nemophora degeerella
1691,nemophora fasciella
1692,nemophora metallica
1693,nemophora minimella
1694,nemophora ochsenheimerella
1695,nemophora violellus
1696,neofaculta ericetella
1697,neofaculta infernella
1698,neofriseria peliella
1699,neofriseria singula
1700,neosphaleroptera nubilana
1701,nephopterix angustella
1702,niditinea fuscella
1703,niditinea striolella
1704,noctua comes
1705,noctua fimbriata
1706,noctua interjecta
1707,noctua janthe
1708,noctua janthina
1709,noctua orbona
1710,noctua pronuba
1711,nola aerugula
1712,nola confusalis
1713,nola cucullatella
1714,nola holsatica
1715,nomophila noctuella
1716,nonagria typhae
1717,nothocasis sertata
1718,nothris congressariella
1719,nothris verbascella
1720,notocelia cynosbatella
1721,notocelia incarnatana
1722,notocelia roborana
1723,notocelia rosaecolana
1724,notocelia trimaculana
1725,notocelia uddmanniana
1726,notodonta dromedarius
1727,notodonta torva
1728,notodonta tritophus
1729,notodonta ziczac
1730,nudaria mundana
1731,nyctegretis lineana
1732,nycteola asiatica
1733,nycteola degenerana
1734,nycteola revayana
1735,nycterosea obstipata
1736,nyctobrya muralis
1737,nymphula nitidulata
1738,ochropacha duplaris
1739,ochropleura leucogaster
1740,ochropleura plecta
1741,ochsenheimeria taurella
1742,ochsenheimeria urella
1743,ochsenheimeria vacculella
1744,ocnerostoma friesei
1745,ocnerostoma piniariella
1746,odezia atrata
1747,odonestis pruni
1748,odontopera bidentata
1749,odontosia carmelita
1750,oecophora bractella
1751,oegoconia caradjai
1752,oegoconia deauratella
1753,oegoconia novimundi
1754,oegoconia quadripuncta
1755,oidaematophorus lithodactyla
1756,oinophila v-flava
1757,olethreutes arcuella
1758,oligia fasciuncula
1759,oligia latruncula
1760,oligia strigilis
1761,oligia versicolor
1762,olindia schumacherana
1763,omphaloscelis lunosa
1764,oncocera semirubella
1765,operophtera brumata
1766,operophtera fagata
1767,opigena polygona
1768,opisthograptis luteolata
1769,opogona omoscopa
1770,opogona sacchari
1771,opostega salaciella
1772,opostega spatulella
1773,orgyia antiqua
1774,orgyia antiquoides
1775,orgyia recens
1776,orophia sordidella
1777,ortholepis betulae
1778,orthonama obstipata
1779,orthonama vittata
1780,orthosia cerasi
1781,orthosia cruda
1782,orthosia gothica
1783,orthosia gracilis
1784,orthosia incerta
1785,orthosia miniosa
1786,orthosia opima
1787,orthosia populeti
1788,orthotaenia undulana
1789,orthotelia sparganella
1790,ostrinia nubilalis
1791,ostrinia palustralis
1792,ourapteryx sambucaria
1793,oxyptilus chrysodactyla
1794,oxyptilus parvidactyla
1795,oxyptilus pilosellae
1796,pachetra sagittigera
1797,pachycnemia hippocastanaria
1798,pachythelia villosella
1799,palpita vitrealis
1800,pammene agnotana
1801,pammene albuginana
1802,pammene argyrana
1803,pammene aurana
1804,pammene aurita
1805,pammene fasciana
1806,pammene gallicana
1807,pammene gallicolana
1808,pammene germmana
1809,pammene giganteana
1810,pammene herrichiana
1811,pammene ignorata
1812,pammene insulana
1813,pammene juniperana
1814,pammene luedersiana
1815,pammene obscurana
1816,pammene ochsenheimeriana
1817,pammene populana
1818,pammene regiana
1819,pammene rhediella
1820,pammene spiniana
1821,pammene splendidulana
1822,pammene trauniana
1823,pancalia leuwenhoekella
1824,pancalia nodosella
1825,pancalia schwarzella
1826,pandemis cerasana
1827,pandemis cinnamomeana
1828,pandemis corylana
1829,pandemis dumetana
1830,pandemis heparana
1831,panemeria tenebrata
1832,panolis flammea
1833,panthea coenobita
1834,papestra biren
1835,parachronistis albiceps
1836,paracolax tristalis
1837,paracorsia repandalis
1838,paracrania chrysolepidella
1839,paradarisa consonaria
1840,paradiarsia glareosa
1841,paralipsa gularis
1842,paramesia gnomana
1843,paranthrene tabaniformis
1844,parapoynx stratiotata
1845,pararge aegeria
1846,parascotia fuliginaria
1847,parasemia plantaginis
1848,parastichtis suspecta
1849,paraswammerdamia albicapitella
1850,paraswammerdamia nebulella
1851,paratalanta hyalinalis
1852,paratalanta pandalis
1853,parectopa ononidis
1854,parectopa robiniella
1855,parectropis similaria
1856,pareulype berberata
1857,parornix anglicella
1858,parornix anguliferella
1859,parornix betulae
1860,parornix carpinella
1861,parornix devoniella
1862,parornix fagivora
1863,parornix finitimella
1864,parornix scoticella
1865,parornix torquillella
1866,pasiphila chloerata
1867,pasiphila debiliata
1868,pasiphila rectangulata
1869,patania ruralis
1870,pechipogo plumigeralis
1871,pechipogo strigilata
1872,pediasia aridella
1873,pediasia contaminella
1874,pediasia fascelinella
1875,pelochrista caecimaculana
1876,pelosia muscerda
1877,pelosia obtusa
1878,pelurga comitata
1879,pempelia genistella
1880,pempelia palumbella
1881,pempeliella ornatella
1882,pennisetia hylaeiformis
1883,pennithera firmata
1884,perconia strigillaria
1885,peribatodes rhomboidaria
1886,peribatodes secundaria
1887,peribatodes umbraria
1888,periclepsis cinctana
1889,peridea anceps
1890,peridroma saucia
1891,periphanes delphinii
1892,perittia farinella
1893,perittia obscurepunctella
1894,perizoma affinitata
1895,perizoma albulata
1896,perizoma alchemillata
1897,perizoma bifaciata
1898,perizoma blandiata
1899,perizoma flavofasciata
1900,petrophora chlorosata
1901,pexicopia malvella
1902,phalacropterix graslinella
1903,phalera bucephala
1904,phalonidia affinitana
1905,phalonidia curvistrigana
1906,phalonidia gilvicomana
1907,phalonidia manniana
1908,phalonidia udana
1909,pharmacis fusconebulosa
1910,pharmacis lupulina
1911,phaulernis dentella
1912,phaulernis fulviguttella
1913,pheosia gnoma
1914,pheosia tremula
1915,phiaris bipunctana
1916,phiaris micana
1917,phiaris palustrana
1918,phiaris schulziana
1919,phiaris umbrosana
1920,phibalapteryx virgata
1921,phigalia pilosaria
1922,philedone gerningana
1923,philedonides lunana
1924,philereme transversata
1925,philereme vetulata
1926,phlogophora meticulosa
1927,photedes extrema
1928,photedes fluxa
1929,photedes minima
1930,phragmataecia castaneae
1931,phragmatiphila nexa
1932,phragmatobia fuliginosa
1933,phtheochroa inopiana
1934,phtheochroa rugosana
1935,phtheochroa schreibersiana
1936,phtheochroa sodaliana
1937,phthorimaea operculella
1938,phycita roborella
1939,phycitodes albatella
1940,phycitodes binaevella
1941,phycitodes inquinatella
1942,phycitodes maritima
1943,phycitodes saxicola
1944,phyllocnistis asiatica
1945,phyllocnistis citrella
1946,phyllocnistis extrematrix
1947,phyllocnistis saligna
1948,phyllocnistis unipunctella
1949,phyllocnistis valentinensis
1950,phyllocnistis xenia
1951,phyllodesma ilicifolia
1952,phyllodesma tremulifolia
1953,phyllonorycter acerifoliella
1954,phyllonorycter anderidae
1955,phyllonorycter apparella
1956,phyllonorycter blancardella
1957,phyllonorycter cavella
1958,phyllonorycter cerasicolella
1959,phyllonorycter comparella
1960,phyllonorycter connexella
1961,phyllonorycter coryli
1962,phyllonorycter corylifoliella
1963,phyllonorycter dubitella
1964,phyllonorycter emberizaepenella
1965,phyllonorycter esperella
1966,phyllonorycter froelichiella
1967,phyllonorycter geniculella
1968,phyllonorycter harrisella
1969,phyllonorycter heegeriella
1970,phyllonorycter hilarella
1971,phyllonorycter insignitella
1972,phyllonorycter issikii
1973,phyllonorycter joannisi
1974,phyllonorycter junoniella
1975,phyllonorycter klemannella
1976,phyllonorycter kuhlweiniella
1977,phyllonorycter lantanella
1978,phyllonorycter lautella
1979,phyllonorycter leucographella
1980,phyllonorycter maestingella
1981,phyllonorycter medicaginella
1982,phyllonorycter mespilella
1983,phyllonorycter messaniella
1984,phyllonorycter muelleriella
1985,phyllonorycter nicellii
1986,phyllonorycter nigrescentella
1987,phyllonorycter oxyacanthae
1988,phyllonorycter pastorella
1989,phyllonorycter platani
1990,phyllonorycter populifoliella
1991,phyllonorycter quercifoliella
1992,phyllonorycter quinqueguttella
1993,phyllonorycter rajella
1994,phyllonorycter roboris
1995,phyllonorycter sagitella
1996,phyllonorycter salicicolella
1997,phyllonorycter salictella
1998,phyllonorycter schreberella
1999,phyllonorycter scopariella
2000,phyllonorycter sorbi
2001,phyllonorycter spinicolella
2002,phyllonorycter stettinensis
2003,phyllonorycter strigulatella
2004,phyllonorycter tenerella
2005,phyllonorycter trifasciella
2006,phyllonorycter tristrigella
2007,phyllonorycter ulmifoliella
2008,phyllonorycter viminetorum
2009,phyllonorycter viminiella
2010,phylloporia bistrigella
2011,phymatopus hecta
2012,phytometra viridaria
2013,pieris napi
2014,pima boisduvaliella
2015,piniphila bifasciana
2016,plagodis dolabraria
2017,plagodis pulveraria
2018,platyedra subcinerea
2019,platyptilia calodactyla
2020,platyptilia gonodactyla
2021,platyptilia isodactylus
2022,platyptilia nemoralis
2023,platytes alpinella
2024,platytes cerussella
2025,plemyria rubiginata
2026,pleuroptya ruralis
2027,pleurota bicostella
2028,plodia interpunctella
2029,plusia festucae
2030,plusia putnami
2031,plutella porrectella
2032,plutella xylostella
2033,poecilocampa populi
2034,polia bombycina
2035,polia hepatica
2036,polia nebulosa
2037,polychrysia moneta
2038,polygonia c-album
2039,polymixis flavicincta
2040,polymixis gemmea
2041,polymixis lichenea
2042,polyphaenis sericata
2043,polyploca ridens
2044,polypogon tentacularia
2045,porrittia galactodactyla
2046,povolnya leucapennella
2047,prays citri
2048,prays fraxinella
2049,prays oleae
2050,prays peregrina
2051,prays ruficeps
2052,pristerognatha fuligana
2053,pristerognatha penthinana
2054,prochoreutis myllerana
2055,prochoreutis sehestediana
2056,prolita sexpunctella
2057,prolita solutella
2058,proserpinus proserpina
2059,protarchanara brevilinea
2060,protolampra sobrina
2061,protoschinia scutosa
2062,proutia betulina
2063,psammotis pulveralis
2064,pselnophorus heterodactyla
2065,pseudargyrotoza conwagana
2066,pseudatemelia flavifrontella
2067,pseudatemelia josephinae
2068,pseudatemelia subochreella
2069,pseudeustrotia candidula
2070,pseudococcyx posticana
2071,pseudococcyx tessulatana
2072,pseudococcyx turionella
2073,pseudohermenias abietana
2074,pseudoips prasinana
2075,pseudopanthera macularia
2076,pseudopostega auritella
2077,pseudopostega crepusculella
2078,pseudosciaphila branderiana
2079,pseudoswammerdamia combinella
2080,pseudotelphusa paripunctella
2081,pseudotelphusa scalella
2082,pseudoterpna pruinata
2083,psoricoptera gibbosella
2084,psyche casta
2085,psyche crassiorella
2086,psychoides filicivora
2087,psychoides verhuella
2088,pterapherapteryx sexalata
2089,pterophorus pentadactyla
2090,pterostoma palpina
2091,ptilocephala plumifera
2092,ptilodon capucina
2093,ptilodon cucullina
2094,ptilophora plumigera
2095,ptocheuusa paupella
2096,ptycholoma lecheana
2097,ptycholomoides aeriferana
2098,pungeleria capreolaria
2099,pyralis farinalis
2100,pyralis pictalis
2101,pyrausta aerealis
2102,pyrausta aurata
2103,pyrausta cingulata
2104,pyrausta despicata
2105,pyrausta nigrata
2106,pyrausta ostrinalis
2107,pyrausta porphyralis
2108,pyrausta purpuralis
2109,pyrausta sanguinalis
2110,pyropteron chrysidiformis
2111,pyropteron muscaeformis
2112,pyrrhia umbra
2113,rebelia herrichiella
2114,recurvaria leucatella
2115,recurvaria nanella
2116,reisseronia tarnierella
2117,retinia perangustana
2118,retinia resinella
2119,rhagades pruni
2120,rheumaptera hastata
2121,rheumaptera subhastata
2122,rhigognostis annulatella
2123,rhigognostis incarnatella
2124,rhizedra lutosa
2125,rhodometra sacraria
2126,rhodophaea formosa
2127,rhodostrophia vibicaria
2128,rhopobota myrtillana
2129,rhopobota naevana
2130,rhopobota stagnana
2131,rhopobota ustomaculana
2132,rhyacia lucipeta
2133,rhyacia simulans
2134,rhyacionia buoliana
2135,rhyacionia duplana
2136,rhyacionia pinicolana
2137,rhyacionia pinivorana
2138,rivula sericealis
2139,roeslerstammia erxlebella
2140,rusina ferruginea
2141,sabra harpagula
2142,salebriopsis albicilla
2143,saturnia pavonia
2144,saturnia pyri
2145,schiffermuelleria schaefferella
2146,schoenobius gigantella
2147,schrankia costaestrigalis
2148,schrankia taenialis
2149,schreckensteinia festaliella
2150,sciota adelphella
2151,sciota hostilis
2152,sciota rhenella
2153,sclerocona acutella
2154,sclerocona acutellus
2155,scoliopteryx libatrix
2156,scoparia ambigualis
2157,scoparia ancipitella
2158,scoparia basistrigalis
2159,scoparia pyralella
2160,scoparia subfusca
2161,scopula corrivalaria
2162,scopula decorata
2163,scopula emutaria
2164,scopula floslactata
2165,scopula imitaria
2166,scopula immorata
2167,scopula immutata
2168,scopula marginepunctata
2169,scopula nigropunctata
2170,scopula ornata
2171,scopula rubiginata
2172,scopula ternata
2173,scopula umbelaria
2174,scotopteryx bipunctaria
2175,scotopteryx chenopodiata
2176,scotopteryx coarctaria
2177,scotopteryx luridata
2178,scotopteryx moeniata
2179,scotopteryx mucronata
2180,scrobipalpa acuminatella
2181,scrobipalpa artemisiella
2182,scrobipalpa atriplicella
2183,scrobipalpa costella
2184,scrobipalpa instabilella
2185,scrobipalpa nitentella
2186,scrobipalpa obsoletella
2187,scrobipalpa ocellatella
2188,scrobipalpa proclivella
2189,scrobipalpa salinella
2190,scrobipalpa samadensis
2191,scrobipalpula tussilaginis
2192,scythris cicadella
2193,scythris dissimilella
2194,scythris empetrella
2195,scythris ericivorella
2196,scythris inspersella
2197,scythris knochella
2198,scythris laminella
2199,scythris limbella
2200,scythris picaepennis
2201,scythris potentillella
2202,scythris siccella
2203,scythris tributella
2204,scythropia crataegella
2205,sedina buettneri
2206,selagia argyrella
2207,selagia spadicella
2208,selenia dentaria
2209,selenia lunularia
2210,selenia tetralunaria
2211,selidosema brunnearia
2212,semioscopis avellanella
2213,semioscopis oculella
2214,semioscopis steinkellneriana
2215,senta flammea
2216,sesia apiformis
2217,sesia bembeciformis
2218,setina irrorella
2219,sideridis reticulata
2220,sideridis rivularis
2221,sideridis turbida
2222,siederia listerella
2223,simyra albovenosa
2224,siona lineata
2225,sitochroa palealis
2226,sitochroa verticalis
2227,sitotroga cerealella
2228,smerinthus ocellata
2229,sophronia semicostella
2230,sorhagenia janiszewskae
2231,sorhagenia lophyrella
2232,sorhagenia rhamniella
2233,spaelotis ravida
2234,spargania luctuata
2235,sparganothis pilleriana
2236,spatalistis bifasciana
2237,sphinx ligustri
2238,sphinx pinastri
2239,spilonota laricana
2240,spilonota ocellana
2241,spilosoma lubricipeda
2242,spilosoma lutea
2243,spilosoma urticae
2244,spiris striata
2245,spodoptera exigua
2246,spodoptera littoralis
2247,spoladea recurvalis
2248,spuleria flavicaput
2249,spulerina simploniella
2250,standfussiana lucernea
2251,stathmopoda pedella
2252,stauropus fagi
2253,stegania cararia
2254,stegania trimaculata
2255,stenolechia gemmella
2256,stenolechiodes pseudogemmellus
2257,stenoptilia bipunctidactyla
2258,stenoptilia millieridactyla
2259,stenoptilia pneumonanthes
2260,stenoptilia pterodactyla
2261,stenoptilia stigmatodactylus
2262,stenoptilia zophodactylus
2263,stenoptinea cyaneimarmorella
2264,stephensia brunnichella
2265,sterrhopterix fusca
2266,stictea mygindiana
2267,stigmella aceris
2268,stigmella aeneofasciella
2269,stigmella alnetella
2270,stigmella anomalella
2271,stigmella assimilella
2272,stigmella atricapitella
2273,stigmella aurella
2274,stigmella basiguttella
2275,stigmella betulicola
2276,stigmella carpinella
2277,stigmella catharticella
2278,stigmella centifoliella
2279,stigmella confusella
2280,stigmella continuella
2281,stigmella crataegella
2282,stigmella filipendulae
2283,stigmella floslactella
2284,stigmella freyella
2285,stigmella glutinosae
2286,stigmella hemargyrella
2287,stigmella hybnerella
2288,stigmella incognitella
2289,stigmella lapponica
2290,stigmella lemniscella
2291,stigmella luteella
2292,stigmella magdalenae
2293,stigmella malella
2294,stigmella microtheriella
2295,stigmella minusculella
2296,stigmella myrtillella
2297,stigmella naturnella
2298,stigmella nivenburgensis
2299,stigmella nylandriella
2300,stigmella obliquella
2301,stigmella oxyacanthella
2302,stigmella paradoxa
2303,stigmella perpygmaeella
2304,stigmella plagicolella
2305,stigmella poterii
2306,stigmella prunetorum
2307,stigmella pyri
2308,stigmella regiella
2309,stigmella roborella
2310,stigmella ruficapitella
2311,stigmella sakhalinella
2312,stigmella salicis
2313,stigmella samiatella
2314,stigmella sorbi
2315,stigmella speciosa
2316,stigmella spinosissimae
2317,stigmella splendidissimella
2318,stigmella suberivora
2319,stigmella svenssoni
2320,stigmella tiliae
2321,stigmella tityrella
2322,stigmella trimaculella
2323,stigmella ulmivora
2324,stigmella viscerella
2325,stigmella zelleriella
2326,stilbia anomala
2327,strophedra nitidana
2328,strophedra weirana
2329,subacronicta megacephala
2330,sunira circellaris
2331,swammerdamia caesiella
2332,swammerdamia compunctella
2333,swammerdamia pyrella
2334,symmoca signatella
2335,synanthedon andrenaeformis
2336,synanthedon culiciformis
2337,synanthedon flaviventris
2338,synanthedon formicaeformis
2339,synanthedon myopaeformis
2340,synanthedon scoliaeformis
2341,synanthedon spheciformis
2342,synanthedon spuleri
2343,synanthedon tipuliformis
2344,synanthedon vespiformis
2345,synaphe punctalis
2346,syncopacma cinctella
2347,syncopacma larseniella
2348,syncopacma polychromella
2349,syncopacma taeniolella
2350,syndemis musculana
2351,syngrapha interrogationis
2352,synopsia sociaria
2353,synthymia fixa
2354,tachystola acroxantha
2355,taleporia tubulosa
2356,tathorhynchus exsiccata
2357,tebenna micalis
2358,telechrysis tripuncta
2359,teleiodes flavimaculella
2360,teleiodes luculella
2361,teleiodes saltuum
2362,teleiodes sequax
2363,teleiodes vulgella
2364,teleiodes wagae
2365,teleiopsis diffinis
2366,tethea ocularis
2367,tethea or
2368,tetheella fluctuosa
2369,tetramoera langmaidi
2370,thalera fimbrialis
2371,thalpophila matura
2372,thaumatotibia leucotreta
2373,thaumetopoea processionea
2374,thera britannica
2375,thera cupressata
2376,thera juniperata
2377,thera obeliscata
2378,thera variata
2379,thera vetustata
2380,theresimima ampellophaga
2381,theria primaria
2382,theria rupicapraria
2383,thiodia citrana
2384,thiotricha subocellea
2385,thisanotia chrysonuchella
2386,tholera cespitis
2387,tholera decimalis
2388,thumatha senex
2389,thyatira batis
2390,thyris fenestrella
2391,thysanoplusia orichalcea
2392,tiliacea aurago
2393,tiliacea citrago
2394,timandra comae
2395,tinagma balteolella
2396,tinagma ocnerostomella
2397,tinagma perdicella
2398,tinea columbariella
2399,tinea dubiella
2400,tinea pallescentella
2401,tinea pellionella
2402,tinea semifulvella
2403,tinea trinotella
2404,tineola bisselliella
2405,tischeria decidua
2406,tischeria dodonaea
2407,tischeria ekebladella
2408,tortricodes alternella
2409,tortrix viridana
2410,trachea atriplicis
2411,triaxomera fulvimitrella
2412,triaxomera parasitella
2413,trichiura crataegi
2414,trichophaga tapetzella
2415,trichoplusia ni
2416,trichopteryx carpinata
2417,trichopteryx polycommata
2418,trifurcula cryptella
2419,trifurcula eurema
2420,trifurcula headleyella
2421,trifurcula immundella
2422,trifurcula subnitidella
2423,triodia sylvina
2424,triphosa dubitata
2425,trisateles emortualis
2426,tuta absoluta
2427,tyria jacobaeae
2428,tyta luctuosa
2429,udea ferrugalis
2430,udea fulvalis
2431,udea lutealis
2432,udea olivalis
2433,udea prunalis
2434,uresiphita gilvata
2435,utetheisa pulchella
2436,venusia blomeri
2437,venusia cambrica
2438,violaphotia molothina
2439,vitula biviella
2440,vitula serratilineella
2441,watsonalla binaria
2442,watsonalla cultraria
2443,wheeleria spilodactylus
2444,whittleia retiella
2445,xanthia aurago
2446,xanthia gilvago
2447,xanthia icteritia
2448,xanthia ocellaris
2449,xanthia ruticilla
2450,xanthia togata
2451,xanthorhoe biriviata
2452,xanthorhoe decoloraria
2453,xanthorhoe designata
2454,xanthorhoe ferrugata
2455,xanthorhoe fluctuata
2456,xanthorhoe montanata
2457,xanthorhoe quadrifasiata
2458,xanthorhoe spadicearia
2459,xenolechia aethiops
2460,xestia agathina
2461,xestia ashworthii
2462,xestia baja
2463,xestia c-nigrum
2464,xestia castanea
2465,xestia ditrapezium
2466,xestia sexstrigata
2467,xestia stigmatica
2468,xestia triangulum
2469,xestia xanthographa
2470,xylena exsoleta
2471,xylena solidaginis
2472,xylena vetusta
2473,xylocampa areola
2474,yponomeuta cagnagella
2475,yponomeuta evonymella
2476,yponomeuta irrorella
2477,yponomeuta malinellus
2478,yponomeuta padella
2479,yponomeuta plumbella
2480,yponomeuta rorrella
2481,yponomeuta sedella
2482,ypsolopha alpella
2483,ypsolopha dentella
2484,ypsolopha horridella
2485,ypsolopha lucella
2486,ypsolopha mucronella
2487,ypsolopha nemorella
2488,ypsolopha parenthesella
2489,ypsolopha scabrella
2490,ypsolopha sequella
2491,ypsolopha sylvella
2492,ypsolopha ustella
2493,ypsolopha vittella
2494,zanclognatha lunalis
2495,zanclognatha tarsipennalis
2496,zeiraphera griseana
2497,zeiraphera isertana
2498,zeiraphera ratzeburgiana
2499,zeiraphera rufimitrana
2500,zelleria hepariella
2501,zelleria oleastrella
2502,zeuzera pyrina
2503,zimmermannia liebwerdella
2504,zophodia grossulariella
2505,zygaena exulans
2506,zygaena filipendulae
2507,zygaena lonicerae
2508,zygaena loti
2509,zygaena purpuralis
2510,zygaena trifolii
2511,zygaena viciae
